Wahlkreis,swing_BSW,swing_AfD,swing_FDP,swing_Die Linke,swing_SPD,swing_CDU,swing_GRÜNE,swing_CSU,swing_FREIE WÄHLER
1,-1.5150646433240536,3.958451304515572,-1.7907171073372319,5.786479517386016,-0.10902694117701545,-4.21169144356016,-1.6037462503688256,0.0,-0.8648437207559596
2,-1.08410484146497,3.9444904405307595,-1.3113198851611154,4.433540219461275,1.4313472674427081,-5.576541239372985,-0.5324718375887812,0.0,-0.7812447988035748
3,-0.2792736157266275,4.673190591255228,-1.3425913836662304,4.8316458110332,2.2023354115151266,-4.247081824209654,0.07875341392659538,0.0,-0.5795362021344352
4,-0.8293677807158298,3.888182738369643,-1.5127680383436313,4.535556496583789,1.309255013299438,-3.4482869998244223,-0.1661020161680844,0.0,-0.6418425771488718
5,-0.4751078682259156,2.8210915568915707,-1.4364813604327755,9.141625679768037,2.2249243076086462,-0.8288357349862023,-1.0765251533887052,0.0,-0.3107378830365557
6,-0.3708501843281552,4.363061582206319,-1.6843292536364245,4.857078038509397,1.9775809744164463,-2.3279117361486077,-0.35592824527393624,0.0,-0.36704985555862
7,-0.5729218354338803,3.7979350207769453,-2.140805662839793,5.40820336947526,2.6776749947671905,-1.1494057761533956,-0.383540003304462,0.0,-0.3601930823010285
8,-0.48648310248591037,4.182864575675844,-1.9089457853672842,5.079621134537127,2.7898612462137824,-1.6109424298952701,-0.30324864256673295,0.0,-0.3605161535376534
9,-0.8095589350948504,4.7834134483693065,-1.1177084587354404,4.336642285306155,2.358615612904219,-3.0948906916413197,-0.049350015813937005,0.0,-0.6048084215054264
10,-0.326461485252439,4.141090723159839,-1.7598533281523008,4.9770542573024485,2.5152424915821245,-1.2432931326635928,-0.3626482747586118,0.0,-0.29734396665679325
11,-0.2932901377225399,4.621220322082641,-1.4599853135190473,7.269660291108691,2.7056695129816806,-1.2740503295639605,-1.2675449781727803,0.0,-0.3755704144454384
12,-5.521381152622712,6.718916097693683,0.3508124828627099,6.8821952421997095,1.3157712220993731,-3.3699733940014074,0.6456715285254833,0.0,0.1156726846128377
13,-6.083878392865381,7.440882731507224,0.28215936314082235,6.243391733223109,2.4996442172047746,-3.90544363501651,0.5340998442729413,0.0,0.14598623908064748
14,-6.198255420151105,5.332045504428809,0.1565025945537995,10.125501576961375,2.1029339581228843,-1.782623816794286,0.6121613275221914,0.0,0.029227203856214013
15,-5.490871542307982,7.0010406549366,0.7027479982389937,7.799585182342135,2.198942937041209,-4.928086416370135,0.510804584162082,0.0,0.23916379458792855
16,-6.1358175807799435,7.568529785047859,1.2114092510647552,5.391153102669653,2.1399228951835068,-4.029030836809434,0.32640330900491477,0.0,0.1951929486514842
17,-6.209937668886919,8.118022229012308,0.7159513318998072,5.976948632719916,1.99904943373236,-4.473634735698461,0.2652904809693294,0.0,-0.068168943881129
18,0.0,0.0,0.0,0.0,0.0,0.0,0.0,0.0,0.0
19,0.0,0.0,0.0,0.0,0.0,0.0,0.0,0.0,0.0
20,0.0,0.0,0.0,0.0,0.0,0.0,0.0,0.0,0.0
21,0.0,0.0,0.0,0.0,0.0,0.0,0.0,0.0,0.0
22,0.0,0.0,0.0,0.0,0.0,0.0,0.0,0.0,0.0
23,0.0,0.0,0.0,0.0,0.0,0.0,0.0,0.0,0.0
24,-1.1905514139394193,4.222707672826173,-1.148632633909252,5.464275426323331,3.306683682292581,-2.694736737403566,-0.6033948854843357,0.0,-0.9200525651818756
25,-1.0947412087668558,4.906585037053627,-0.40260918207706,5.041813908608455,3.762570453453914,-5.545359665024191,-0.03276641296913586,0.0,-0.4615559290355739
26,-1.179232192142938,4.81430532187612,-1.7293632873525098,5.310563714294641,3.614573589937176,-2.934376804466171,-0.624231488339079,0.0,-0.40699488974885717
27,-0.8340004122867626,4.007763301311847,-1.4462338280957023,7.015593033728903,4.092115281083917,-2.1569183271898336,-1.0857802430982382,0.0,-0.3457225505987309
28,-0.8471816233678202,4.519546597953829,-1.2516682453473698,5.897547115479402,3.686003896956072,-2.957572204488076,-0.336363472861229,0.0,-0.4631092658306205
29,-0.486607113099351,5.384615550127519,-0.85766555595118,4.560652271116767,4.704252613847528,-7.380760500459878,0.038520056429968516,0.0,-0.39262906486378085
30,-0.6773640231223421,5.063482418693454,-1.0101032542521298,5.1629590888340795,3.580360079268782,-4.867400513320423,-0.22046020956469303,0.0,-0.5770294516777876
31,-0.8211173012512798,4.819345829505337,-0.70653613909763,5.157568017385907,3.7443541598406966,-5.343038552470577,-0.34463393698634975,0.0,-0.5642837552906421
32,-0.7317840300950568,5.925702488202823,-0.4931650569277894,4.943661267684028,3.9709458555058323,-7.462221556936662,0.06253293477928526,0.0,-0.30220162744638257
33,-0.6933000923150443,4.681114609294259,-1.4443442268470432,4.893166350721564,3.5836229425540522,-3.011977900145929,-0.043971004153357814,0.0,-0.8756761034207416
34,-0.8182667873212954,4.9578813323977,-0.9815553969102854,5.252183113641248,3.1066131369352314,-3.4260127541880845,-0.3074412279807868,0.0,-0.5382678711957118
35,-0.8129126908234052,5.016297171342382,-1.5831348394721876,5.196490729032424,4.559315878722613,-4.318756808803636,-0.5718028052470616,0.0,-0.5786959146539267
36,-0.6573752009160587,4.040222959403636,-1.9483408213668345,5.035180469885152,3.729461122569158,-1.5189062153908341,-0.337146148181,0.0,-0.5794392899519655
37,-0.7065016050501975,4.2354165593402895,-1.6852986579706566,6.547615100295615,3.307781317046826,-2.334974883051427,-0.8251043609951588,0.0,-0.29028486619413313
38,-0.7994356529748156,5.256979794184265,-1.1297338319397827,5.117937571960785,3.119582547772654,-4.2725694090329425,-0.6545512317630998,0.0,-0.41785818967630434
39,-0.4055163903642159,3.5127003639971073,-1.3215043569076468,8.181442414322337,4.320350957250313,-2.7240703515079567,-1.5066933664474926,0.0,-0.10597189416782324
40,-0.5807357611432568,4.946879127047795,-1.0077539640230588,4.984901116428806,3.469034791299566,-3.7888136075941325,-0.5345349833789045,0.0,-1.0505278678299508
41,-0.3754589226531157,3.018335383439174,-1.2795840013885664,10.326164758507405,3.727798455557393,-0.5733632769286601,-2.189913406279313,0.0,-0.2208927010525829
42,-0.3754589226531157,3.018335383439174,-1.2795840013885664,10.326164758507405,3.7277984555573935,-0.5733632769286601,-2.189913406279313,0.0,-0.2208927010525829
43,-0.37223049946051145,3.898917535689699,-1.4360138490003918,5.283473094269807,3.2601315657540146,-2.6996553201458102,-0.4522374893488302,0.0,-0.19782396401745073
44,-0.5959255469134781,4.966220007900803,-1.3966137325212789,5.213621442333701,3.2990540955527683,-3.690909698349347,-0.32128642150083847,0.0,-0.5395611957313909
45,-0.3959631311325442,5.175822919918553,-1.4931855047932976,4.954014642696445,2.942439270054472,-3.121708310160633,-0.23341834780035128,0.0,-0.6171581279130839
46,-0.7270748804701382,4.708395765816362,-1.4510359426349497,4.984384308045112,2.960994766978443,-2.9225954819232536,-0.5782364808805798,0.0,-0.47962459362263454
47,-0.5447115807649677,3.948662767543343,-1.298184764829888,5.635053028991106,3.3895003148275857,-2.636786822719185,-0.2866472932370947,0.0,-0.5200200195637172
48,-0.6094207987756989,4.426454545786173,-1.0464432372414418,6.112808447099309,3.297657872920329,-3.6780900904127325,-0.6974047588036733,0.0,-0.4371997253274547
49,-0.7365229451453077,4.386946953621225,-1.3340397891092939,5.896448470953873,2.5523719100253044,-2.624965222401429,-0.525930880650325,0.0,-0.3685944757439889
50,-0.4732849497093569,4.227553246263668,-1.5311714056999293,7.95090139382619,2.611754673913449,-0.516055620435381,-0.4329520773625397,0.0,-0.1521316728856329
51,-0.7003267105811535,4.311468268054891,-1.2469872738985102,6.590878905045342,3.362255309838277,-2.560977706344857,-0.912098677481361,0.0,-0.44479092937150083
52,-1.0227529234421249,5.149864369382331,-1.5152671759840577,5.141350076216198,2.299734828116831,-2.7170800377777535,-0.3511689508751191,0.0,-0.4808975472255087
53,-0.5788869340931507,4.386261186053175,-1.3186310966150316,7.600832713046532,2.7757901468201456,-2.3592274167558887,-1.2297011796565793,0.0,-0.3816954700119094
54,-1.2414286851548484,4.430426722648681,-1.779058688765391,9.224114315050356,1.611029750367969,1.1499773465063754,-0.57345865124611,0.0,-0.0496795902604508
55,-1.345332815031499,5.112400295881311,-1.6442423852149641,8.757860947185454,1.6271991182576917,0.2635958557098695,-0.48061248260339057,0.0,0.07013661593590247
56,-2.5900434231189013,5.811636994233504,0.12526522527934017,5.34307111930591,1.8181275480646317,-2.491245118339857,0.5314597099903549,0.0,-0.8854174279875253
57,-3.2832624844609817,5.172216521673782,0.05068421171329589,5.791916072818283,1.7303717397860656,-0.7508001554423224,0.2640101774970737,0.0,-0.5489900326323031
58,-1.8859073489317257,4.555612113959865,-0.2602443499910163,5.706495774008757,1.4982193542587268,0.09157179649245166,0.6803894249509831,0.0,-0.46975321149272276
59,-4.069282585673839,5.6451348289566505,0.04598044521110378,5.814019704938404,2.044711804153102,0.4078464567755069,0.48010308801079776,0.0,-1.1972862227853673
60,-3.3154175473268483,5.568819986840419,-0.03484676830938786,6.318525033264678,2.15194952185182,-1.167966654488924,0.5099904601428452,0.0,-0.8323239370328904
61,-3.204154980070003,3.547646720078334,-0.9473950974886008,9.282769865895922,1.4811842386136984,2.158644018185625,0.7359540488520744,0.0,-0.34725226433009976
62,-2.5030093615805877,4.959764650399186,0.04929039407487943,6.2901641183059915,1.262905475266386,-0.09212569187650906,0.8572162170637756,0.0,-0.8576491587097221
63,-3.145044230504481,4.7177245440696804,0.5084176186768484,5.910200810058443,1.0710106311275716,-0.21653737448321725,0.6723962108450082,0.0,-0.5016127243989492
64,-4.075411700465683,5.152126345541028,0.5143001023777283,5.431948816097067,1.5694888070723256,-0.5915317315522567,0.8268153929499624,0.0,-0.521225905394848
65,-3.1580311320766774,5.681950756271514,0.6458424405570685,5.129601345114601,1.5716798818640187,-1.8701327312203209,0.5005620633223141,0.0,-0.3841402462080018
66,-3.958860455809506,6.1578112106009835,0.6854881324164386,5.782901260463001,2.4442346449367776,-3.7710720920220226,0.3264664198690407,0.0,-0.12597980088990116
67,-3.82419319730025,8.021059483861087,0.4636427192591957,4.828829462863356,2.1290058298227437,-4.4796694561155785,0.2725788684225404,0.0,0.014102146022814106
68,-3.594335371068446,6.887331821344182,0.6069989204450684,5.69366053033522,2.5983368974022296,-5.009063196507103,0.5783347402570594,0.0,-0.22125328315849335
69,-5.242167631885652,6.400656977399719,0.21049133857903413,8.235166926178403,2.176431167316855,-1.7783509931826125,0.7115710670985254,0.0,0.09536825311052749
70,-3.4743114177269727,5.9386806191100705,0.5980101361983189,5.174655858324235,2.0225272633125853,-2.638035346725197,0.5009714175569067,0.0,-0.7584370731194484
71,-3.436550740119415,5.115805889019064,0.5693927763452178,8.929486365836995,2.526509829950497,-1.9706553698166152,0.6036724453467782,0.0,-0.4204280746951587
72,-3.0619059314037913,6.694934689941398,0.8914866247419659,4.456988331643091,1.8592764282090435,-4.184445960741212,0.47432682618310823,0.0,0.2610532778993739
73,-3.1480299733886867,7.431646193451912,0.9517057928689151,4.294948524155632,2.236607563327495,-5.129798855556468,0.41838063799216435,0.0,0.0076071434429437895
74,-1.134184178835051,2.164927268792016,-0.6518870957362375,17.0784519189156,3.0869322415136864,1.8666443820165688,-4.460742041158905,0.0,-0.1713754622891354
75,-2.921798124187604,3.74442617789868,-0.2173065785517018,13.730310926963645,1.8128513885643365,1.6429588049998747,-3.3504227500602655,0.0,-0.1275206602944104
76,-0.5487091802143711,4.056645267112879,-0.7731186467897277,8.591225720949602,1.7570804009609873,-1.7686020600469412,-1.1309098624071403,0.0,-0.2971930469775642
77,-0.6743042912814682,4.049289710798759,-0.569396690637693,9.16180808539231,2.061312220091996,-1.6750707785333052,-1.3855913950444234,0.0,-0.2473795843800953
78,-0.7621358700901948,2.5424371684827527,-1.5853327874538794,8.110933173565153,2.1550650683597787,1.1954699463499523,-1.385896476157157,0.0,-0.1811896637269466
79,-0.7911413877031572,2.276123636398969,-0.9345370451901864,10.321988233153956,1.633303005249786,1.6601968735694896,-2.376668199014585,0.0,-0.2753804811598734
80,-0.5701314540625058,2.8339594080989663,-0.713783425187394,11.616563617318294,2.413636392952164,0.49186835909024745,-3.236362074921115,0.0,-0.2219466245646325
81,-0.1527077463315906,2.914700237310789,-0.1842713516443628,15.27150737535698,2.368905557579588,-0.6514403834354958,-4.020577308283142,0.0,-0.095884573646249
82,-1.627634983411075,2.272697814603669,-0.3485952313613642,18.87858256285493,2.846739430203245,1.7356641250899887,-4.908364583702877,0.0,-0.11867838237449448
83,-4.812623317081028,4.295093908063738,-0.0472277834186471,13.303902263419978,1.177279225987208,0.8427059888669941,-1.100891606039145,0.0,-0.21790675980266414
84,-6.1853657473444645,5.882037279349266,-0.0107380689938865,9.68626765472013,0.5377103236828553,0.1027172761974135,-0.3547154605906835,0.0,-0.0480530325961902
85,-5.123625764496733,4.908551040280436,0.0725392743798836,13.41824275300828,0.9317044405063887,0.8758988080505965,-1.2998198100398015,0.0,-0.2569498633823553
86,-0.5179697614680809,2.8390296517529734,-1.89077846509563,9.56044865768309,3.7044707042517757,0.704914696718248,0.6249685327944192,0.0,-0.1721816863221218
87,-0.6142673999882792,5.047659747839376,-1.5314433631728592,5.206073921296485,2.5308252523043326,-2.5743452950773706,-0.6604321787989419,0.0,0.08901582467579452
88,-0.4032350059385706,5.12726840325898,-1.6675273540511388,4.941177304941038,2.361203671216733,-2.6195237191010805,-0.6283116335166492,0.0,-0.22164522033294876
89,-0.3626691123955592,4.550158926865642,-1.9641263034090768,4.764654360680399,2.455156838966492,-1.7021216408915107,-0.6080121910281528,0.0,-0.20169736794188906
90,-0.2976299457227058,4.435755412795705,-1.677856198814788,5.2184369210945345,2.4964678854149764,-1.497113067961019,-0.8228853435011857,0.0,-0.19295033014326654
91,-0.3847325506733195,4.804912295383813,-1.874605618485832,4.664605754822906,2.5989673093992627,-2.034545692800342,-0.6559732271026097,0.0,-0.22208519057548312
92,-0.2716127688212961,2.8764581046437137,-2.037252450806366,9.960384683336708,3.6987752181287115,0.7999314067979313,-2.182324078295675,0.0,-0.1807987847206734
93,-0.2716127688212961,2.876458104643714,-2.037252450806366,9.960384683336708,3.698775218128711,0.7999314067979314,-2.182324078295675,0.0,-0.18079878472067343
94,-0.2716127688212961,2.8764581046437137,-2.037252450806366,9.960384683336708,3.6987752181287115,0.7999314067979313,-2.182324078295675,0.0,-0.1807987847206734
95,-0.2376367811003739,3.4418707433255165,-2.421749933999302,7.839022038225055,3.184616423646688,0.234996565943323,-1.0925222693295709,0.0,-0.2395743475019648
96,-0.6188445457017465,4.537313187689674,-2.0208677708174294,5.161408741218858,2.5811325857352685,-0.9478450208676729,-0.4744392420518358,0.0,-0.0893949526931818
97,-0.4740507344950377,3.761344780228846,-2.667805027973127,4.935168277458244,2.6376807046800472,0.658304310934594,-0.424514322854242,0.0,-0.34703571201479655
98,-0.3659321915598838,5.003338933570806,-1.456264154980215,4.567503837007057,2.390341956944841,-2.9506177408430685,-0.4520478489773548,0.0,-0.15578563407794618
99,-0.39570416187993107,3.8065152546936156,-2.1469757934926563,5.191390294312312,2.948919643603279,-0.15461907942219943,-1.0152422564739776,0.0,-0.21871941322055347
100,-0.2020852490475844,3.5350001459845313,-2.029550520807241,8.250283880475905,3.27129513650826,-0.36564054788733874,-1.7431029924586592,0.0,-0.1582008117381916
101,-0.7002046135198956,3.9402807682109415,-1.6373669621428455,8.086531229258235,2.677384986093003,-0.2570573189459644,-2.132737654581895,0.0,-0.1230933677974541
102,-0.3869052072003726,4.398573643117742,-1.7315742342140963,6.809297052060596,2.814443930295015,-1.3242832863135017,-1.5273538151160713,0.0,-0.16211216204570233
103,-0.19578833050024988,4.312004379754342,-2.3041866675657343,5.011674071935728,2.646210966827206,-1.0947620670429674,-0.5362338222106303,0.0,-0.22561301655371868
104,-0.4998068365281772,4.243234921501357,-2.220191316025031,4.888430103243643,2.6521555948097744,-0.9183164837412051,-0.8014612321480242,0.0,-0.24813421652914305
105,-0.3267989694006301,3.173035913721056,-2.850983403285859,8.211274694008814,3.013551969087036,1.1385889543953738,-1.8144006354084825,0.0,-0.23986713411666882
106,-0.3267989694006301,3.1730359137210566,-2.850983403285859,8.211274694008814,3.013551969087036,1.1385889543953738,-1.8144006354084823,0.0,-0.2398671341166688
107,-0.23033596313393156,4.434930492049363,-1.8175714985945435,5.476686958137397,2.4262721160957934,-1.5171008016161063,-0.7936412316355577,0.0,-0.2079339001910484
108,-0.1457218331070073,4.068856079739318,-2.0233068480069054,6.863967740253078,2.924752677851547,-1.3105270777738376,-1.3870425313423134,0.0,-0.1398814620077395
109,-0.2730188724890761,3.7298252640968905,-2.7620985819318036,5.72955979821094,3.083310001854915,-0.018837837688096763,-0.8314539639715507,0.0,-0.21177649198970938
110,-0.3066919169805835,4.784893494783754,-1.95909910324331,4.800302230276516,2.754275177024456,-2.2949010440709587,-0.8165068756778946,0.0,-0.2852052639800661
111,-0.159404660857185,4.515762599406497,-1.7978983724596012,4.870163419377601,2.670578853205094,-2.446245511370417,-0.6648143442682688,0.0,-0.22958600064183352
112,-0.39356127312618955,4.810572503242334,-1.8039516286809882,4.872389282419462,2.508867349182006,-2.3755537859657267,-0.7772045325165523,0.0,-0.2461042589439218
113,-0.3148667901474001,4.214443286398955,-2.0351991270068974,6.559938023740842,2.540172888427609,-0.9940743233039873,-1.0232207864969325,0.0,-0.16641118930660243
114,-0.3026285007592157,4.094795359199548,-1.3765459238975803,7.328540892226995,3.0917592808798062,-1.417941694814779,-1.7009714093087656,0.0,-0.017241975382467
115,-0.3026285007592157,4.094795359199548,-1.3765459238975806,7.328540892226995,3.0917592808798062,-1.417941694814779,-1.7009714093087656,0.0,-0.017241975382467
116,-0.2366850357340141,4.751064511800764,-1.3772075413707419,5.937638975286769,2.304943797085614,-2.1335694061072012,-1.1031208144139095,0.0,-0.1268709851178054
117,-0.314182711124937,3.2205629656592984,-2.291761853352251,6.477649400355476,2.8616600392715803,0.658555746100542,-1.2242788441841563,0.0,-0.04315749389568637
118,-0.190371451885901,3.708137638431353,-1.5845949363238605,7.587622968758882,2.6838326810354123,-0.3300799337316533,-1.6642846560375908,0.0,-0.0986142405380259
119,-0.190371451885901,3.708137638431353,-1.5845949363238605,7.5876229687588825,2.683832681035412,-0.3300799337316533,-1.6642846560375908,0.0,-0.0986142405380259
120,-0.3323282529567234,4.545326638615235,-1.5211673563770352,5.3563234854480735,2.4745305358290235,-1.549288919606203,-0.861498053033704,0.0,-0.21595163571578666
121,-0.3048689095882571,4.3644003628318115,-1.9222447519714878,5.2222572364891375,2.648151928053115,-1.4863297028879263,-0.7776487536934809,0.0,-0.1752292647461296
122,-0.190371451885901,3.708137638431353,-1.5845949363238605,7.587622968758882,2.683832681035412,-0.3300799337316533,-1.6642846560375908,0.0,-0.0986142405380259
123,-0.36171189942435766,4.323455586318482,-1.8823271544010887,4.766850017449957,2.6460226041840884,-2.864527033376095,-0.25468253377618827,0.0,-0.2886133560178506
124,-0.29497746119956425,3.9163319446418203,-1.5989681828842341,6.158072600228425,2.974995164904044,-1.3009564783249825,-1.1034061379754294,0.0,-0.03841806131849099
125,-0.017171044302897932,4.461828186273599,-1.754745836172555,4.628399244685233,2.6450445476243187,-2.7959671532799937,-0.4779155096183965,0.0,-0.24244936152087349
126,-0.34770757820301645,4.331724898045457,-1.9196328968907868,4.640461975447545,2.5483576126541614,-1.6503499910895274,-0.49181355932698867,0.0,-0.21949617825407775
127,-0.23868157429321263,4.728069939809701,-1.7539702048027743,4.501089406176601,2.235347248349389,-2.197041707518626,-0.6429826658258939,0.0,-0.29586705597199064
128,-0.2716127688212961,2.8764581046437137,-2.037252450806366,9.960384683336708,3.698775218128711,0.7999314067979313,-2.182324078295675,0.0,-0.1807987847206734
129,-0.3586430541222514,4.882889765136845,-1.7816092356393938,4.924814869755668,2.4921865726248043,-2.4050843199680036,-0.723948415654807,0.0,-0.21032982745795953
130,-0.13208040378970407,4.516000102576828,-1.7409775062228825,4.6840692935059876,2.7135473665090215,-2.315304839683013,-0.7538860819327533,0.0,-0.24034082477123478
131,-0.3296659369145213,3.216029446333813,-2.8100691082113256,8.076994995453672,3.017825568573182,0.9961476788176413,-1.7653674803890438,0.0,-0.2419064990993069
132,-0.3084268985262697,4.485933723770879,-1.9489345683411268,4.893049780757955,2.4200759505713023,-1.7048877720750766,-0.6435884766241196,0.0,-0.2188127784018773
133,-0.37425054834045884,4.962818899989535,-1.7203390963608276,5.089080729905862,2.2975566378919674,-2.277220496346721,-0.7473765725601504,0.0,-0.18452000107765182
134,-0.27146082364633384,4.957823965763902,-1.6830820105172912,4.605991811532772,2.1227789922633478,-1.8345675247011235,-0.7636553951747007,0.0,-0.26910601759195163
135,-0.3433194645154864,4.4981657209422155,-1.8072452341866063,4.989682367620614,2.607264417897791,-1.744092636032389,-0.7700755908606491,0.0,-0.17973987568634564
136,-0.20214259455281994,4.988751700319682,-1.457172835897133,5.293865897697906,2.5000099292102673,-2.821841492220625,-0.751915120773584,0.0,-0.19527380024086427
137,-0.2168571596213051,3.8382269577543497,-2.181159020673697,6.711690048871274,2.989364957783762,-0.8651000195008687,-0.95318683215138,0.0,-0.23900105412468578
138,-0.2232522311265326,4.555205524644145,-1.852482620841163,5.3071405236936116,2.565195626342433,-1.6290642605388872,-1.0238140934406925,0.0,-0.18077407229926237
139,-0.3267989694006301,3.1730359137210566,-2.850983403285859,8.211274694008814,3.013551969087036,1.1385889543953738,-1.8144006354084823,0.0,-0.23986713411666882
140,-0.21615283751592862,3.7204216205145793,-2.3452364538489534,7.388010609178671,2.9592916781943313,-0.35792916513640155,-1.5532659493163288,0.0,-0.17877147019581888
141,-0.190371451885901,3.7081376384313525,-1.5845949363238605,7.587622968758881,2.683832681035412,-0.3300799337316533,-1.6642846560375908,0.0,-0.0986142405380259
142,-0.190371451885901,3.7081376384313525,-1.5845949363238605,7.587622968758882,2.683832681035412,-0.3300799337316533,-1.6642846560375908,0.0,-0.0986142405380259
143,-0.4984768232905653,4.023925984726868,-2.0596335380340767,5.1887981714375995,2.486945949806159,0.07087944736683217,-1.1873233537651418,0.0,-0.21808471964896764
144,-0.2197240553620675,3.5878428266320497,-2.0456175925773907,7.688571391349233,3.4029386103552586,-0.4515877819357629,-1.51651972614414,0.0,-0.19419481175703304
145,-0.3548928660988935,5.030500601631944,-1.5932413380927681,4.555618629389815,2.2914340264005375,-2.8365869965053756,-0.5564624798917981,0.0,-0.16457168910668124
146,-0.4120530105390935,4.343014967428648,-1.817856841869787,4.636991081470154,2.250352786316015,-1.717808117684958,-0.44247571152411797,0.0,-0.18384974395126732
147,-0.39351794975818255,4.8988779173051835,-1.8471432575592677,5.3888427088635735,2.564340033682579,-2.251820227430151,-0.6874690086711116,0.0,-0.18832228022003686
148,-0.36690441617091957,4.720302688491307,-1.7098708574085424,4.765670616055245,2.534512897043561,-1.9509995323350982,-0.7033611284410596,0.0,-0.22386234667108143
149,-0.32785007138746697,4.687855939484937,-1.9231627583887796,5.332938891892118,2.1913414289415214,-1.5494564055603588,-0.5776488535166272,0.0,-0.23359839147214218
150,-2.8057191541041617,5.217700337373156,0.8975542763599738,4.179095482678868,1.248163134950312,-2.7513150400636026,0.4786094003156002,0.0,-0.45116254737102734
151,-3.1558400567050406,3.718132461843808,0.10492909624074448,12.064736878210994,1.0827573290592554,-0.0461946147066569,-0.0026804243881493,0.0,-0.2206881905487913
152,-3.15584005670504,3.718132461843808,0.1049290962407445,12.064736878210995,1.0827573290592554,-0.0461946147066569,-0.0026804243881493,0.0,-0.2206881905487913
153,-3.9321991112417605,5.844793413925221,0.8903274824034787,4.83043943064308,1.4161211278515615,-2.522314134128215,0.6365896749706944,0.0,-0.17713760286043823
154,-3.0835392919130737,5.551288058139094,1.3617335086669065,4.630427877484742,1.6247645823871841,-2.6377029944454597,0.6647439561787166,0.0,-0.9613326980212572
155,-3.2445181986857046,6.2995550376007685,1.2334914692488848,4.44032002707995,1.4641849513027312,-3.7227803994450364,0.5548483618341509,0.0,-0.8974003296741456
156,-3.2776638292351588,6.3498405930489366,1.2687049503416232,4.3762876435865525,1.9714465861076202,-3.777002332819036,0.5541674328545388,0.0,-0.808732121604684
157,-3.6615181487450537,7.0459106611253866,1.2242955650975464,4.3151573791197695,1.3332358085586515,-2.9750265289531117,0.6457759932612787,0.0,-1.4343784226746663
158,-2.54468301695546,4.372626967588168,0.4569308319368317,9.795365093628856,0.6938470849696294,-0.7152083715144713,1.4682629532833555,0.0,-0.9559341079381173
159,-2.6132110376009625,4.678073665981492,0.5517816432902751,9.048222514904218,0.8294643489584299,-1.0668675071128373,1.389881875828601,0.0,-1.0179069940608414
160,-4.109399801754691,6.482478164625898,1.0041751764505837,4.2304823197083445,1.8199683423378263,-2.3305318694613253,0.7526794254808596,0.0,-1.1831891759520519
161,-4.450201508426842,4.470184887583741,0.4270383180857915,6.82724430903052,1.743388125276189,-0.5454675900043924,0.4465685551433171,0.0,-0.3051645221791663
162,-3.4882119705320607,6.345620635034199,1.1852411170761443,4.146089799202484,2.50654771405668,-2.9655030793262234,0.5412293098432291,0.0,-2.0783844734317825
163,-4.137794676897698,7.257760722924564,1.2175999178960877,3.8787009537063417,1.9869482315595615,-3.2276544976688384,0.4461541904354997,0.0,-1.4680096982801816
164,-4.678915289940099,5.350786888433316,0.8025984590956354,5.017288201653162,2.4472654141957215,-1.74366573913956,0.4297184197920677,0.0,-1.1515719904900494
165,-4.496045965655543,6.5279368398216775,0.9044644526883013,4.245022718529095,2.2755055575900194,-2.981193659396597,0.5023370925976389,0.0,-0.5124094851593562
166,-0.0510896453935157,5.151954177734884,-0.872585785593998,4.663150584376344,1.1357075325546822,-2.443385856343956,-0.0044507437829526255,0.0,-0.8670701837534699
167,-0.11489168845904395,3.7128487321617523,-1.0157784804772867,8.326561054479251,2.2780456564845935,-0.5662889660137306,-0.45535981830300964,0.0,-0.4001347870717315
168,-0.23207792531321164,4.652040010321162,-0.9821753771739041,4.955545941137435,1.5158527860012958,-1.5197225418739424,0.0016674735028915201,0.0,-0.9310518019430698
169,-0.1218093734129267,4.87559856588062,-1.1029089748961305,4.798472976202883,1.7342054321459233,-1.8690494637406276,-0.2237637312209595,0.0,-1.2569270540211444
170,-0.07064786282108132,3.9974431149529543,-1.241419874802289,6.632832576922859,2.268081750153085,-1.8129223555570495,-0.09236452704619859,0.0,-0.8873383728066119
171,0.12009823150303432,4.7642920629745396,-1.0454424166623832,5.069097857771705,1.2151145665036156,-1.6852705019921081,0.22773512502224436,0.0,-0.6787135579274426
172,-0.30923365449427664,4.581157432378097,-0.6706658248512444,6.073974969670653,2.013328044687181,-1.7625456363024299,0.18017047901365124,0.0,-0.8001929379858984
173,-0.3382182276731967,4.864057754846581,-0.6567485716877818,4.663047031519566,1.7826205016317747,-2.0617533817024523,0.014274834926883001,0.0,-0.7389320335428132
174,-0.4281996026874118,5.503592929576024,-0.5960727056210351,4.32866113804025,1.3225969082615376,-2.3172854303635932,0.029134048860506037,0.0,-1.1594444155396153
175,-0.07159892255861519,4.388060425859658,-1.411674585735702,4.717716381315563,2.1942306456546534,-1.4698761513815457,-0.3630320857375116,0.0,-0.893423975950859
176,-0.2716223831212524,4.136201332649897,-1.3315876627057661,5.322133931978025,2.1189067480028405,-0.8624009562040804,0.05129768186799302,0.0,-0.8069456382273124
177,-0.01946664575435778,3.9488799649297093,-1.7438440467030871,4.92449110876264,2.179581352671382,-1.0544532570170129,0.32799799975710714,0.0,-0.7059807856601026
178,0.5468505420509597,3.400424176011626,-2.1750855412128134,8.20983130167306,2.570247339375633,-0.0916377702302746,-0.49926190134594434,0.0,-0.5039734678007907
179,0.0336199178768417,4.443356173869482,-1.2683339756011116,5.964620694556294,1.6469017515065758,-1.4654697966531303,-0.3866423880978986,0.0,-0.6226340986743489
180,-0.13313979670836754,3.7432746489473345,-1.6894489269114863,4.775923228461436,2.2096405307934037,-0.5255276901502727,0.12192979270086257,0.0,-0.954280575523343
181,0.1344031160988494,2.305127118706543,-2.08571417798862,9.638030637810996,2.819991579646969,1.4707407830632349,-1.1730962921150798,0.0,-0.3381819889379862
182,0.1344031160988494,2.305127118706543,-2.08571417798862,9.638030637810996,2.8199915796469694,1.4707407830632349,-1.1730962921150798,0.0,-0.3381819889379862
183,0.19928281443496437,4.182706015556706,-1.0515716151437347,6.3539524224855075,1.8346231891329012,-1.9336171180718909,-0.09331704066744036,0.0,-0.668158000574757
184,0.7316048762923058,3.296886001526098,-1.3518641631877502,8.212704618146002,2.1572888025136994,-1.0130067764819837,-0.9749629912319148,0.0,-0.5865878638642266
185,-0.043045904189030836,4.070575432500845,-1.2327743644878502,7.40869830649815,1.9900698972765405,-0.37643463404953786,-0.12678680009750018,0.0,-0.5747780543488803
186,0.0020327981109833373,4.5739569658124175,-0.9912971365459556,5.062405959638797,1.6068851836482971,-1.7115822664075757,0.04172993652336488,0.0,-0.7205902413892479
187,-0.20908293799902178,4.3539215840200285,-0.872588373853119,4.81210735909139,1.907812495330681,-1.5752633263428917,-0.0002304206041838525,0.0,-0.7479083027877791
188,-5.09112825841119,7.782267760549172,1.0008438801191513,8.45318165427324,0.4655228031886357,-5.813683523547568,0.10828903658528545,0.0,-0.7109030602994117
189,-5.187268186920535,8.73632252262902,0.9218071509320307,8.341428619383398,0.48849940913525397,-5.90439783722286,0.204768431787458,0.0,-0.7947016159185997
190,-5.058864141536122,6.807374404186953,0.2923831735184933,11.534228093052121,1.0014263345297025,-3.9862786400832873,-0.1517234017074935,0.0,-0.09625597107882868
191,-5.471716128615143,8.150016432076225,0.7839293269972748,9.850717942976603,-1.1594424275985047,-3.840065043131072,0.1308419065756262,0.0,-0.17330807281076463
192,-4.954061682670666,6.495290017158343,0.32258960305160794,13.47199458820505,0.27677809859526675,-3.590295350572466,-0.45691255511504286,0.0,0.04781150637537708
193,-6.030178327287678,8.353729085901659,1.1510717261759167,7.525303746841706,1.3969784827293754,-5.2965341691343095,0.17823945419008316,0.0,0.23935901518593114
194,-6.476539906962187,7.801509502416548,1.0116787624915362,8.48519697184335,1.0172101463945171,-4.688445593027108,0.3166085497975754,0.0,0.13781099297578692
195,-6.738333134577212,8.123065760219793,0.8085103692468807,7.603390579552361,0.48827905658291804,-3.1572340207255576,0.15152041517963197,0.0,-0.648367489679348
196,-0.7987688558315515,3.635829564411151,-0.9343566990046434,4.236660331169779,2.0832848187225306,0.9356672533834675,0.8703902831542774,0.0,-2.667491708656734
197,-0.5992624080680523,4.510546888860794,-1.6585154303842375,4.238167921272028,2.407836791725983,0.11130726152440773,1.067940356926465,0.0,-3.163054357152935
198,-0.32823608773134894,2.832420566760201,-1.0755849967767708,5.51119646125336,1.661036665514406,1.5805169602820361,1.033495260957052,0.0,-2.819666258593189
199,-0.6810351919905555,4.5816910429097195,-0.9072596888203706,3.7525023125184283,1.5235470502936814,0.0012523384793196254,1.3776560652193321,0.0,-3.2472441662760536
200,-0.6647894899558154,5.0848376647097036,-1.8716399517786073,4.073926240043601,0.6240053126507946,0.9815544446972565,0.7704268141696433,0.0,-2.4953224392515296
201,-0.3717751774657743,5.042579120147718,-0.7324848643830555,3.779822653641489,1.9628295289293458,1.4368620886340215,1.2946609761674606,0.0,-6.496221547914272
202,-0.09233862872182032,4.530393104988252,-1.0282224984757993,5.1002084164029675,-0.1469146607368528,1.6293906905007345,1.2226412229029147,0.0,-3.5964708432254926
203,-0.1954241061362539,4.800582644322081,-0.8706915261143623,4.336509634180973,1.6702982727563598,-1.5962601534407552,1.0678626949015944,0.0,-2.3553262377100204
204,-0.02115683616070834,2.5334931768287907,-1.8775246984764766,7.409779316054413,1.6245988315342956,1.9896239819169623,2.3154007173221007,0.0,-1.5271425857402856
205,-0.7050766232532646,3.5037549392724396,-1.4650423564480304,4.439809515370967,1.192174537910304,2.3969156293942184,1.2730807056413929,0.0,-2.088789447198893
206,-0.4779214927233556,3.7158479605917094,-1.1616034531276598,5.554906298262378,1.361865892015678,0.9670166434974362,0.7685775114664269,0.0,-2.01882513802293
207,-0.8472001555760237,2.9478302997337176,-1.2497164680992368,4.13094783775562,2.2508132412624797,1.7283770905589944,0.9053075918921181,0.0,-2.7288074464467615
208,-1.261836763751845,4.3418245680183905,-0.7584046868745765,4.445112675808584,2.054722819085636,0.9556342337721054,0.7796771545934991,0.0,-3.1584582048675984
209,-1.1046628816757569,4.390444944064266,-0.5064269949347229,3.633005605486424,1.5057426679407684,-0.22981491879568586,0.7755002213673401,0.0,-1.9780103729648475
210,-0.5663967850424138,4.312737539949261,-1.2362730960349833,4.606626091790482,1.369770433094765,0.6030898438680324,1.2437784828727219,0.0,-2.6839630798928806
211,-0.8188459169347233,8.178209782794625,0.5122466738897516,3.520462121709725,2.1607876320848103,0.0,0.2945132776141356,-3.981503668148035,-3.317496181841392
212,-0.7440584924525534,6.506799717418142,0.5852073868364257,3.701157375848494,2.49163596604281,0.0,0.37750401668577493,-2.522235560640561,-3.0107653331814834
213,-0.6239807984875867,6.61018004663033,0.6661618236034897,3.8848969936172857,2.8026781649272507,0.0,0.5771654816353315,-2.4445372832063867,-3.4650505596352827
214,-0.7513071729926207,5.557082052280914,0.5882621705103113,4.247370512612069,2.886397776800964,0.0,0.5372565203959858,-1.8236455438959438,-2.5375470393007533
215,-0.7861042183190982,7.316504323383169,0.28961380607086373,4.4092873375042165,2.6182115049685057,0.0,0.030220910614747236,-3.477310240636128,-2.604614574349203
216,-0.3982887236799701,3.469749175795125,-0.6382804235525272,6.7500242382217355,3.244714047166422,0.0,-0.0769199807365339,1.2133185991069269,-1.3215351397704576
217,-0.3982887236799701,3.4697491757951253,-0.6382804235525272,6.750024238221736,3.2447140471664215,0.0,-0.0769199807365339,1.2133185991069269,-1.3215351397704576
218,-0.39828872367997004,3.4697491757951253,-0.6382804235525272,6.750024238221736,3.244714047166422,0.0,-0.0769199807365339,1.2133185991069269,-1.3215351397704576
219,-0.3982887236799701,3.4697491757951253,-0.6382804235525272,6.750024238221737,3.244714047166422,0.0,-0.0769199807365339,1.2133185991069269,-1.3215351397704576
220,-0.4402776594443693,3.5236877117657515,-0.3141911023916137,3.9212579849839044,2.8552931425983523,0.0,0.572211926419921,0.6231051602464303,-1.8799355268994502
221,-0.9504324373695414,6.8494781693584175,0.5535734549666727,3.998827964153893,1.9437573829286483,0.0,0.29186617726855046,-1.6882088422208055,-3.166400132688481
222,-0.9575185059377221,6.512402702357267,0.7601173338206773,3.1474124507048495,2.217517665877186,0.0,0.36820986594592797,-1.81639188315512,-3.708007785920755
223,-0.8623501558968546,4.281846680292446,0.09194832847387456,3.9845584968870384,2.9764317680789363,0.0,0.49953513620372725,0.8582703289482215,-2.6080673301804875
224,-0.9402357333525176,7.331079427070896,0.4126554393994587,3.2449691692631237,2.3572239688035923,0.0,0.15850143297519687,-2.760999318258229,-3.5187245150381
225,-1.0298348156581427,5.810998992023061,0.7621790531618977,3.7233870756047365,2.583172156464867,0.0,0.6128309861685237,0.9344328246303247,-5.41973416155386
226,-0.9349561937432146,8.488653524448274,0.5554785010272572,3.064318611496718,2.337481329844742,0.0,0.24331158325126623,-5.104383516394682,-2.6943755882886324
227,-0.7431031580292916,7.227323276252807,0.5599734036027486,3.9008640405521566,2.7863068425714173,0.0,0.30254837780053306,-5.185767047911204,-1.6959416326907508
228,-0.9057129300852944,7.383112647059917,0.35460896485533294,3.767017813779805,2.8375051908039763,0.0,0.26476631884183405,-3.6612317720127527,-2.6005692245158043
229,-1.0810338198168339,7.944052395627515,0.7031537810820975,3.1173360382548916,2.389612169854879,0.0,0.35624358017202534,-5.108498689339938,-2.1456785460421495
230,-0.7988679685165666,7.93940786623298,0.5828970484349554,3.6619470669086205,2.6568140391343658,0.0,0.2950237871978745,-4.665519307020894,-2.7656660912787223
231,-0.8040887488027967,7.176448672740919,0.483914501872466,3.7729412321586127,2.5426893799561765,0.0,0.3989861277179007,-4.382336142033813,-2.313932948753557
232,-0.6654218851623019,5.566555264103892,-0.02751211635627117,4.672450790006938,2.886173389498251,0.0,0.29550674818726486,-1.500309070994323,-2.4973623650712424
233,-1.2551256842067913,8.69595518137361,0.48854365426226753,2.987088908732004,2.6289153688972964,0.0,0.22734645092205796,-4.610985663758434,-3.642135202365913
234,-0.7199973662261538,7.033442097827306,0.4472350438276536,3.9349299248877463,2.5355180302872395,0.0,0.40218535861164,-4.200647066916957,-2.612881270461346
235,-0.7250934404263645,6.573649013654602,0.1594650398351399,4.44777514298676,2.7203494859526183,0.0,0.17211665674566412,-3.0821155222982575,-2.278374683838821
236,-0.5692048133775511,6.271205517772223,0.1173901428062612,4.349124808695218,2.8570416439865003,0.0,0.2078936877531309,-2.6582955267538435,-2.53716844101219
237,-0.7943530448052303,7.02239104381722,0.3647033735087868,4.047849281221694,2.455507930181028,0.0,0.48508940283431223,-4.947860232614269,-1.9359598906656266
238,-0.6698181165735295,7.305664150070605,0.46956514122228854,4.408972502379334,2.547137908190872,0.0,0.2659549565207036,-4.688906075381211,-2.4434344993879353
239,-0.7006418126671385,7.201548356267106,0.4908044642641053,3.5363086564144597,2.35894041572012,0.0,0.5913657872628766,-4.174340278551442,-2.688868379505688
240,-0.7953744660392753,7.0923905283416335,0.5398896507393587,3.8758438503994,2.872744876186435,0.0,0.35967924688395436,-4.202948667666979,-2.579430541257841
241,-0.5554956551943949,5.536594706128467,-0.05839989735120739,4.747653528359249,2.732269221962729,0.0,0.20947330369303238,-1.5998573262290468,-2.1587590071036007
242,-0.580553009358936,6.624373937964516,0.4184403358542395,4.792187646395809,2.4512387237795332,0.0,0.16030993712467329,-3.457673425201064,-2.353636135058244
243,-0.3590517245033506,5.047347853303752,0.1143915540451376,7.735822955238831,2.6691079026856226,0.0,-0.5262525334552848,-2.670970552648196,-1.0054915593021756
244,-0.38933727163440085,5.219146794090897,0.17919856808604456,7.167500885103908,2.5233440869542103,0.0,-0.3655462065282222,-2.7872864204377903,-1.0768381186497418
245,-0.6673804543425258,6.632679133596048,0.42570575047828857,3.800956761592179,2.4340605966296187,0.0,0.44789831289778903,-3.645165921748053,-2.5186343930632606
246,-0.7615570623483833,6.60891025058002,0.11098178975988991,4.334455311012679,2.3401702275673606,0.0,0.03091168896479887,-2.674671966053291,-2.2341872273489702
247,-0.8417255303254076,7.741278819034594,0.49599560631504097,3.2488979650114476,2.2220709912794065,0.0,0.4371865646225971,-4.795198346456157,-2.6280994092642804
248,-0.605880643636228,6.888446080156566,0.1675298353253761,3.4424149221591014,2.5782882618858722,0.0,0.37591843307600203,-3.591154081611277,-2.9866375676001464
249,-0.7913167327616644,6.719641249575251,0.3957451041849041,4.013752091438342,2.4296605043710846,0.0,0.36900288685061056,-3.0100333101957966,-2.747170560693728
250,-0.5894963340685948,5.603173249611525,0.2124078086456183,5.131064753946103,2.7617526475186245,0.0,0.24936237235307834,-2.7727044500478835,-1.8312563828172845
251,-0.6793821532227646,5.984623164005301,-0.1575563690582608,6.4593162975913465,2.969730973013485,0.0,-0.5916762229767087,-1.9923941488097865,-1.361026131472488
252,-0.694188112070276,6.5429421158862064,0.35737025462190436,3.6546111701336477,2.7148189207733813,0.0,0.27230330444988177,-3.1221646040297037,-2.8246777423713465
253,-0.7618143907625525,7.088675382019776,0.5924762992354757,3.3995405184252983,2.7362616363540226,0.0,0.41458819338912833,-4.4947178499489056,-2.890288224200439
254,-0.5709655767808611,7.087501172531691,0.4061919536495528,3.9820183403230502,2.761596361545154,0.0,0.2405607744527121,-3.705606676942435,-2.8153623655629496
255,-0.6980588315250641,6.9111634996319555,0.6327645545810261,3.9702867657269088,2.603492752418376,0.0,0.3310912787062563,-2.9218984019792074,-3.370646242784071
256,-0.6555758962170297,6.215209397620122,0.2276480588341949,4.0746259048859335,2.653763617395227,0.0,0.2686763880843961,-1.887683305225625,-3.3826348224313403
257,-0.7602291928753953,6.393820684512397,0.2177182911439281,3.869617719341423,2.7731725872641024,0.0,0.2723115599746579,-2.261301703884656,-2.9673763646204323
258,-0.2839746646081926,2.93582986451643,-1.659565839323756,8.056791289500836,3.1113956234990905,1.8849825833192357,-0.5295475821248417,0.0,-1.5134317057302242
259,-0.2839746646081926,2.93582986451643,-1.659565839323756,8.056791289500836,3.1113956234990905,1.8849825833192355,-0.5295475821248417,0.0,-1.5134317057302242
260,0.10106167818519089,4.1276029856280925,-1.3943663180249697,4.442223580143438,2.6870049395042503,0.7730632833462131,-0.03285264703268321,0.0,-3.271622520698945
261,-0.184422964017398,3.9751280730544383,-1.3625604889643037,5.0779456763192785,2.709045397023931,1.3706663749429375,-0.1969265142422289,0.0,-3.3801886691039966
262,-0.37209117307516226,4.33499734503589,-0.9592850158875461,4.313901867409486,2.8111912676009343,0.5837875094249114,-0.5190694486281247,0.0,-3.336611213705468
263,-0.21349654994643563,5.153871996071673,-0.43040552570001056,4.050448964439268,2.653378633212749,-1.1008892908590742,-0.29747476800234673,0.0,-3.5278606472954888
264,-0.20392732975524075,3.8959888560281772,-1.1608620994911436,4.243183265037796,2.8954678806870002,0.7905042978576909,-0.03226907557168564,0.0,-3.284382485132648
265,-0.037449502252105644,3.806353474110648,-1.076266961502618,4.969199016427287,3.1238814399860164,0.6589270012791091,-0.06412888755601426,0.0,-3.2422437648202864
266,-0.22113642561713148,4.481481092069323,-0.6634107558076963,3.8933675324510895,2.591063414059334,0.21666078489918092,0.1579180380162197,0.0,-3.3550244501906485
267,-0.3515869738766768,5.38377908912336,-0.5322263219435418,5.025725010267984,2.1020259320969403,-0.9074172402928284,-0.04537835814681494,0.0,-2.170164694733479
268,-0.696918678539925,6.659527021176188,-1.214641363970297,3.8437930381672354,1.9774326520749883,-1.2644643935914275,-0.5402169172896532,0.0,-2.1242535914705236
269,-0.6729165271320435,5.231789181073619,-0.713412131794245,4.035875444380276,2.5932949667624245,-1.3050937392057935,-0.05186244597655117,0.0,-2.178114173648002
270,-0.12639887501106387,5.850067321579017,-0.6425055296895578,4.159159944193397,2.030327778583357,-1.5802810846144615,-0.40403252220541985,0.0,-2.6550007976516334
271,-0.4599371877213078,3.3867843343374004,-1.7444679075271798,7.733469218353116,3.171704768608816,1.6823548490563347,0.772868875987939,0.0,-0.7880728834882486
272,-0.629923968339402,4.709909863639348,-1.3411185066887261,4.17690021250024,2.4692649731460787,-0.11568376176473825,0.32053368998353704,0.0,-2.2902649548589227
273,-0.4547901740867811,5.165640409606041,-1.453110837977475,5.054771249472708,2.5800841572052753,-0.031755992348676085,-0.34761922248571936,0.0,-2.647156943687238
274,-0.4105433232758065,3.7776144111516254,-1.2665026906557473,6.150285002046239,2.2606401890373427,1.3095547133670713,-0.05996624322492075,0.0,-1.6831016031095385
275,-0.4726972540366043,3.41543191174266,-1.0255087891508143,8.062371443339941,1.6632879695429246,0.6048047433904991,-0.7452701594043596,0.0,-1.0205623616702175
276,-0.4674441452956262,6.1793988381895675,-0.20511722639637725,3.6558304757148465,1.9152468262642581,-2.795453892402158,0.2128100221915845,0.0,-2.661584791483803
277,-0.5696252477336768,4.840170157090804,-0.6361657121280136,4.4497032194930375,2.3156951379983397,-0.8811231175377224,-0.16749425379034022,0.0,-2.2557932205352844
278,-0.4031480545839115,4.793080608544598,-0.8340121372664548,4.3163086680702625,2.094339985073675,0.08212855477805144,-0.05285992051220567,0.0,-2.80256968636478
279,-0.5891166392728547,5.558935271897331,-1.406592314526925,4.030303132408354,1.862279310536864,-0.270521324567536,0.41991164666782665,0.0,-2.0686603315897916
280,-0.5508868199689726,6.1490754356155,-0.696791691666202,3.627845351894167,2.4907221720346433,-2.4490981780594336,0.1316925254632919,0.0,-2.1947804293771043
281,-0.33203811402255584,3.4166103502112497,-1.641083354109414,6.9692297354275095,3.0729706162981345,1.301108465926632,-0.2239682773252667,0.0,-1.8100355238454542
282,-0.47844969437997403,5.354398046190606,-1.9725346636199994,4.822489329098815,2.55544673618113,-0.542999827980245,0.16661304162399448,0.0,-2.420341904418188
283,-0.3992680726306189,5.855129516130395,-1.2648834020234712,4.277984399004418,2.2122535436286643,-0.9079586319270107,-0.16669139784117712,0.0,-2.9232724746820455
284,-0.7699487771806267,6.635222858465629,-1.3946564835515212,4.058852149580943,2.4468930779998344,-1.4119749980145102,-0.40228832055528785,0.0,-2.936828244115071
285,-0.3708512380422372,7.038223406581031,-0.932694410885274,3.6637806779898874,2.1364524622838923,-2.9867201061981183,-0.030816659908883506,0.0,-2.1901442539994695
286,-0.4298922682048879,6.17040856692216,-1.3726653548905923,4.053648138760896,2.5747659427823932,-1.244948581645035,-0.46975537768794334,0.0,-2.671136918967411
287,-0.31415509208718856,5.0043850533524585,-1.8097400534090193,5.215060885762477,2.2544840595840925,0.3946956254655592,-0.06197604839270163,0.0,-2.3103319107503046
288,-0.5766827904483351,6.003120828311217,-1.6914542574393345,4.058847981144092,3.1579859116050706,-1.595478353412928,0.25109177198729304,0.0,-3.038957809264191
289,-0.36624635174093034,5.010074081165313,-2.0351927283992133,4.3719299983354185,2.7451700236776753,0.4677378461393401,-0.32457272302667334,0.0,-2.2827172647650684
290,-0.42690482718219236,4.1474238356686675,-1.2435985606631796,6.133543018189706,2.794261317083945,0.43925438775661335,-0.49863370411481145,0.0,-2.1079315261828584
291,-0.4693783058922787,5.216153360765203,-0.5708424502234799,5.141835891951139,2.2760803273639776,-0.7533015409611785,-0.049744836215165796,0.0,-2.0912711396459764
292,-0.4968613173370281,6.557181344331458,-0.8595899064524695,3.665730852719871,2.7079124069971847,-2.193070927820215,-0.018514317328052598,0.0,-2.348379955860879
293,-0.4938911627640597,5.310049064751264,-1.6210955906164575,3.9985312379845235,3.085501720348015,-0.4474980632391544,-0.15385851126162597,0.0,-2.8510930209473644
294,-0.45744870743240146,5.412559130318411,-1.0635767622872851,4.817180402526149,2.8547858572219553,-0.834674782940739,-0.31621410651320864,0.0,-2.742916503668211
295,-0.5655963124020535,7.034805993068092,-1.0162860994964138,3.779001842139458,2.5770907115739248,-2.7740196649013957,-0.4214768272839897,0.0,-2.6475918060602512
296,-1.7992352929355067,5.416995339247994,-0.7778319179670775,7.058912707834569,1.4467084012627982,-1.3675965285909635,0.12300298978597433,0.0,-0.17848654308746398
297,-6.0139104442865605,-1.2083992528734815,-2.2852643945456177,4.144321169407886,-8.855229105369975,-16.71374332432646,-2.0641881625334895,0.0,-1.4714345080625468
298,-2.792003615851944,3.701482645738888,-0.9888039805344786,4.281352735892508,-1.7256866985892902,-7.292566211112472,0.33334582106837757,0.0,-0.20527747622526712
299,-3.456828065151281,1.31599149905088,-1.6159915182013187,4.1383566013807895,-3.375751395924906,-8.335172673128502,-1.0583128989949229,0.0,-0.7027713072461816
