# (c) Die Bundeswahlleiterin, Statistisches Bundesamt (Destatis), 2025;;;;;;;;;;;;;;;
# Datenlizenz Deutschland – Namensnennung – Version 2.0 (https://www.govdata.de/dl-de/by-2-0);;;;;;;;;;;;;;;
# ;;;;;;;;;;;;;;;
# Wahl zum 21. Deutschen Bundestag (23. Februar 2025);;;;;;;;;;;;;;;
# Ergebnisse der repräsentativen Wahlstatistik;;;;;;;;;;;;;;;
# Stimmabgabe nach Geschlecht und Geburtsjahresgruppen in den Ländern;;;;;;;;;;;;;;;
# ;;;;;;;;;;;;;;;
# Die Ergebnisse der Männer beinhalten auch die Ergebnisse der Personen mit dem Geschlechtsmerkmal 'divers' als auch derjenigen ohne Geschlechtseintrag im Geburtenregister.;;;;;;;;;;;;;;;
# Erläuterungen zur Methodik siehe Dokument 'Allgemeine und methodische Hinweise zur repräsentativen Wahlstatistik der Bundestagswahl 2025'.;;;;;;;;;;;;;;;
# Durch Auf- bzw. Abrundungen können sich geringfügige Differenzen ergeben.;;;;;;;;;;;;;;;
# ;;;;;;;;;;;;;;;
Land;Erst-/Zweitstimme;Geschlecht;Geburtsjahresgruppe;Summe;Ungültig;SPD;CDU;GRÜNE;FDP;AfD;CSU;Die Linke;Sonstige;dar. FREIE WÄHLER;dar. BSW
Bund;1;Summe;Summe;49928653;423264;9936433;12604184;5443393;1622912;10177318;3272064;3933297;2515788;1254565;299401
Bund;1;Summe;2001-2007;3396728;20857;664422;460874;444805;156426;622309;133099;691867;202067;78817;19268
Bund;1;Summe;1991-2000;6214725;35360;1053162;965210;1029044;269350;1251724;291474;884000;435402;190045;30672
Bund;1;Summe;1981-1990;7515049;49859;1135279;1561552;1012674;246510;1974236;423985;629307;481646;235335;45620
Bund;1;Summe;1966-1980;12067460;85200;2021756;3073209;1322895;354695;3032078;803858;715071;658698;356815;67164
Bund;1;Summe;1956-1965;9745239;87955;2143166;2642975;957739;258748;2034073;695879;500181;424524;232560;62883
Bund;1;Summe;<=1955;10989452;144033;2918648;3900364;676237;337183;1262898;923769;512870;313451;160993;73793
Bund;1;m|d|o;Summe;24373519;192534;4434228;6216381;2369737;829255;5924711;1616071;1647873;1142728;565828;126474
Bund;1;m|d|o;2001-2007;1710816;11453;298749;275698;188513;101262;410338;79313;240043;105447;42359;8754
Bund;1;m|d|o;1991-2000;3128680;17796;482986;517404;452477;156643;759479;152936;372481;216478;95818;14024
Bund;1;m|d|o;1981-1990;3788185;23507;511041;789961;459803;127736;1154625;215907;284742;220864;107334;18633
Bund;1;m|d|o;1966-1980;6031021;37600;907879;1572595;582212;169685;1773439;406728;295835;285046;154108;25984
Bund;1;m|d|o;1956-1965;4799597;40653;985827;1327649;409194;120204;1158895;345384;225994;185798;103405;26033
Bund;1;m|d|o;<=1955;4915220;61526;1247745;1733073;277538;153725;667934;415803;228779;129095;62804;33047
Bund;1;w;Summe;25555134;230730;5502205;6387803;3073656;793657;4252607;1655993;2285424;1373060;688737;172927
Bund;1;w;2001-2007;1685912;9404;365673;185176;256292;55164;211971;53787;451824;96620;36458;10514
Bund;1;w;1991-2000;3086045;17564;570176;447805;576567;112707;492245;138537;511520;218924;94227;16649
Bund;1;w;1981-1990;3726864;26352;624238;771591;552871;118775;819611;208078;344566;260782;128001;26987
Bund;1;w;1966-1980;6036439;47600;1113876;1500614;740682;185009;1258638;397130;419236;373653;202706;41180
Bund;1;w;1956-1965;4945642;47302;1157339;1315325;548545;138545;875178;350495;274187;238726;129155;36850
Bund;1;w;<=1955;6074233;82508;1670903;2167291;398699;183457;594963;507966;284090;184355;98189;40746
Bund;2;Summe;Summe;49928653;279141;8149124;11196374;5762380;2148757;10328780;2964028;4356532;4743537;769279;2472947
Bund;2;Summe;2001-2007;3396728;13506;381835;337620;398134;191006;641153;100800;922034;410641;43511;192219
Bund;2;Summe;1991-2000;6214725;18520;682423;758646;984471;319398;1291174;240777;1088429;830886;114986;355935
Bund;2;Summe;1981-1990;7515049;28132;835953;1324947;1081041;304855;2029657;375619;651165;883681;136335;419531
Bund;2;Summe;1966-1980;12067460;50294;1651948;2726872;1471118;486008;3085887;725257;710079;1159996;208732;606526
Bund;2;Summe;1956-1965;9745239;56053;1885472;2411584;1064105;358112;2031398;649876;492471;796167;146080;472455
Bund;2;Summe;<=1955;10989452;112635;2711493;3636705;763511;489378;1249511;871699;492355;662166;119634;426281
Bund;2;m|d|o;Summe;24373519;120417;3611758;5536802;2583316;1171729;6095875;1461963;1767791;2023867;339792;1049831
Bund;2;m|d|o;2001-2007;1710816;7660;190215;203640;188255;127708;429930;60259;299295;203854;23699;89781
Bund;2;m|d|o;1991-2000;3128680;9921;314394;409005;456154;197654;798420;124629;437105;381398;55698;156954
Bund;2;m|d|o;1981-1990;3788185;13334;369489;677906;499138;170631;1204553;191672;288137;373325;61951;169899
Bund;2;m|d|o;1966-1980;6031021;20601;735866;1407262;657935;250785;1825806;368555;294218;469992;90489;246564
Bund;2;m|d|o;1956-1965;4799597;25242;855541;1222816;465798;184919;1171834;323330;228959;321159;62244;195248
Bund;2;m|d|o;<=1955;4915220;43660;1146253;1616174;316037;240031;665332;393519;220077;274139;45711;191387
Bund;2;w;Summe;25555134;158724;4537366;5659572;3179064;977028;4232905;1502065;2588741;2719670;429487;1423116
Bund;2;w;2001-2007;1685912;5847;191620;133980;209879;63297;211223;40541;622738;206787;19813;102438
Bund;2;w;1991-2000;3086045;8599;368029;349641;528317;121744;492754;116148;651324;449488;59288;198981
Bund;2;w;1981-1990;3726864;14798;466464;647041;581903;134224;825104;183947;363028;510356;74384;249633
Bund;2;w;1966-1980;6036439;29693;916082;1319610;813183;235223;1260081;356703;415861;690004;118243;359962
Bund;2;w;1956-1965;4945642;30812;1029932;1188769;598307;173193;859564;326546;263512;475008;83836;277208
Bund;2;w;<=1955;6074233;68975;1565240;2020531;447475;249347;584179;478180;272279;388027;73923;234894
SH;1;Summe;Summe;1889968;13739;424485;573541;279298;67541;302259;;115098;114007;25139;
SH;1;Summe;2001-2007;120704;793;24116;17577;19961;6296;19520;;22602;9839;1389;
SH;1;Summe;1991-2000;229847;679;39561;39294;48113;11456;44420;;28069;18255;3925;
SH;1;Summe;1981-1990;265343;1677;43181;63626;44120;10601;62677;;19364;20095;5246;
SH;1;Summe;1966-1980;468621;2836;89359;142742;68664;14576;94366;;23432;32645;8614;
SH;1;Summe;1956-1965;365649;2726;94323;119056;54982;9999;50961;;13425;20178;4323;
SH;1;Summe;<=1955;439804;5028;133944;191246;43458;14612;30314;;8206;12995;1642;
SH;1;m|d|o;Summe;912681;6018;186540;285774;115964;34936;180855;;48834;53761;12465;
SH;1;m|d|o;2001-2007;60122;358;10899;11210;7729;4182;13444;;7941;4359;792;
SH;1;m|d|o;1991-2000;116600;290;18204;20341;20896;6803;27748;;12136;10182;2335;
SH;1;m|d|o;1981-1990;131388;944;18708;31848;20686;5711;36787;;8228;8477;2449;
SH;1;m|d|o;1966-1980;229379;1175;38834;72809;28414;6474;56435;;9803;15434;4057;
SH;1;m|d|o;1956-1965;177797;903;42088;62149;21627;4890;30184;;6580;9375;2188;
SH;1;m|d|o;<=1955;197395;2348;57808;87416;16611;6876;16256;;4145;5934;644;
SH;1;w;Summe;977287;7721;237945;287767;163334;32605;121404;;66264;60246;12674;
SH;1;w;2001-2007;60582;435;13217;6366;12232;2115;6076;;14661;5481;597;
SH;1;w;1991-2000;113247;389;21358;18954;27216;4653;16672;;15932;8073;1590;
SH;1;w;1981-1990;133954;733;24474;31778;23435;4890;25890;;11136;11618;2797;
SH;1;w;1966-1980;239242;1661;50526;69933;40250;8102;37931;;13628;17211;4557;
SH;1;w;1956-1965;187852;1823;52235;56907;33355;5109;20777;;6845;10803;2136;
SH;1;w;<=1955;242410;2680;76136;103830;26847;7737;14058;;4061;7061;998;
SH;2;Summe;Summe;1889968;9963;352546;518424;279923;88147;306165;;146428;188372;13675;64777
SH;2;Summe;2001-2007;120704;403;13904;13134;16130;7296;20695;;33894;15249;1129;4852
SH;2;Summe;1991-2000;229847;482;26796;31797;43209;13556;45081;;38467;30460;2207;11366
SH;2;Summe;1981-1990;265343;742;31363;54410;44571;12114;64609;;22767;34766;3055;13144
SH;2;Summe;1966-1980;468621;2276;72799;128715;74157;18688;94086;;26267;51633;4467;18210
SH;2;Summe;1956-1965;365649;1913;84338;111156;56110;12840;51428;;14266;33598;2119;11063
SH;2;Summe;<=1955;439804;4148;123346;179212;45746;23654;30266;;10767;22666;700;6141
SH;2;m|d|o;Summe;912681;4056;154755;257043;118537;48674;186368;;60286;82961;6073;27983
SH;2;m|d|o;2001-2007;60122;161;6561;8192;6965;5121;14995;;11241;6885;380;1660
SH;2;m|d|o;1991-2000;116600;301;12908;16119;19065;8349;28660;;16043;15155;1258;5716
SH;2;m|d|o;1981-1990;131388;335;13304;28008;20147;6981;38725;;9522;14366;1251;4980
SH;2;m|d|o;1966-1980;229379;992;31272;65842;31390;9121;57149;;11164;22448;2102;7477
SH;2;m|d|o;1956-1965;177797;585;37183;57805;23155;6827;30553;;6799;14889;870;5450
SH;2;m|d|o;<=1955;197395;1681;53527;81076;17816;12274;16285;;5517;9218;212;2700
SH;2;w;Summe;977287;5907;197791;261381;161386;39473;119797;;86142;105411;7602;36794
SH;2;w;2001-2007;60582;242;7343;4942;9164;2175;5700;;22653;8363;749;3192
SH;2;w;1991-2000;113247;180;13888;15677;24144;5207;16421;;22424;15305;948;5650
SH;2;w;1981-1990;133954;407;18059;26402;24425;5132;25884;;13245;20400;1804;8164
SH;2;w;1966-1980;239242;1283;41526;62873;42767;9566;36938;;15103;29186;2365;10734
SH;2;w;1956-1965;187852;1327;47156;53351;32955;6012;20875;;7466;18710;1248;5613
SH;2;w;<=1955;242410;2467;69819;98136;27930;11380;13980;;5250;13448;488;3441
HH;1;Summe;Summe;1050805;8507;292325;232067;214621;35299;114714;;129995;23277;9714;
HH;1;Summe;2001-2007;68727;511;16118;7911;13373;3384;5394;;20295;1741;442;
HH;1;Summe;1991-2000;179824;770;37646;21748;51417;8589;14673;;39013;5968;2109;
HH;1;Summe;1981-1990;185884;839;40073;33181;50470;6378;22390;;26228;6325;2495;
HH;1;Summe;1966-1980;255215;2249;64663;61221;55689;6906;35636;;23319;5533;2514;
HH;1;Summe;1956-1965;165097;1405;55733;40954;26764;3508;22100;;12217;2416;1348;
HH;1;Summe;<=1955;196058;2734;78091;67053;16909;6534;14521;;8923;1295;805;
HH;1;m|d|o;Summe;493332;3913;128599;117158;92666;19209;66195;;55454;10136;3929;
HH;1;m|d|o;2001-2007;32312;252;7389;4516;5715;2263;3935;;7423;819;210;
HH;1;m|d|o;1991-2000;83846;505;18119;12269;20465;5099;9093;;15801;2495;871;
HH;1;m|d|o;1981-1990;90806;410;18165;17284;22555;3540;14113;;11861;2879;962;
HH;1;m|d|o;1966-1980;124326;928;28416;31933;25790;3650;20648;;10610;2351;968;
HH;1;m|d|o;1956-1965;78214;771;25263;21104;11340;1784;11479;;5412;1062;607;
HH;1;m|d|o;<=1955;83827;1048;31247;30053;6800;2873;6928;;4348;530;310;
HH;1;w;Summe;557473;4594;163726;114909;121955;16090;48519;;74541;13141;5785;
HH;1;w;2001-2007;36415;259;8729;3395;7658;1122;1458;;12872;922;232;
HH;1;w;1991-2000;95978;266;19527;9479;30951;3490;5580;;23212;3473;1238;
HH;1;w;1981-1990;95078;429;21908;15897;27915;2837;8278;;14367;3446;1533;
HH;1;w;1966-1980;130889;1320;36247;29288;29898;3256;14988;;12709;3182;1546;
HH;1;w;1956-1965;86883;634;30470;19850;15424;1724;10622;;6806;1353;741;
HH;1;w;<=1955;112231;1686;46844;37000;10109;3661;7593;;4575;765;495;
HH;2;Summe;Summe;1050805;5185;237740;216935;201713;47115;113608;;151115;77394;3866;41919
HH;2;Summe;2001-2007;68727;233;9099;6803;10660;4264;5268;;25594;6807;230;3516
HH;2;Summe;1991-2000;179824;331;25850;19347;43138;9211;15323;;48310;18315;895;8892
HH;2;Summe;1981-1990;185884;407;31482;29812;47371;8365;22065;;28270;18112;768;9211
HH;2;Summe;1966-1980;255215;1196;52376;58867;54961;9688;35098;;25211;17818;900;9849
HH;2;Summe;1956-1965;165097;901;48224;38607;27347;5817;21712;;13508;8980;629;5781
HH;2;Summe;<=1955;196058;2118;70710;63499;18237;9769;14143;;10222;7362;444;4670
HH;2;m|d|o;Summe;493332;1997;103165;109532;89950;26804;66570;;61563;33750;1661;19111
HH;2;m|d|o;2001-2007;32312;132;4420;4224;5183;2756;3739;;8404;3455;117;1882
HH;2;m|d|o;1991-2000;83846;167;12369;11084;18403;5609;9577;;18641;7998;427;3952
HH;2;m|d|o;1981-1990;90806;231;14094;15415;22034;4791;14027;;11959;8254;338;4208
HH;2;m|d|o;1966-1980;124326;342;22668;30624;25372;5609;20714;;11586;7412;341;4489
HH;2;m|d|o;1956-1965;78214;407;21477;19666;11744;3252;11531;;6300;3837;297;2660
HH;2;m|d|o;<=1955;83827;719;28137;28519;7215;4787;6981;;4674;2795;140;1920
HH;2;w;Summe;557473;3188;134575;107403;111763;20311;47038;;89552;43644;2205;22808
HH;2;w;2001-2007;36415;101;4679;2579;5477;1508;1529;;17190;3353;113;1634
HH;2;w;1991-2000;95978;164;13481;8263;24735;3603;5745;;29669;10317;468;4940
HH;2;w;1981-1990;95078;176;17388;14396;25337;3574;8037;;16312;9858;430;5003
HH;2;w;1966-1980;130889;854;29708;28244;29588;4079;14384;;13625;10406;559;5359
HH;2;w;1956-1965;86883;494;26747;18941;15603;2565;10181;;7208;5143;332;3121
HH;2;w;<=1955;112231;1399;42572;34980;11022;4982;7162;;5548;4567;304;2750
NI;1;Summe;Summe;5041312;36097;1469704;1558417;487326;148320;881225;;321569;138654;68432;
NI;1;Summe;2001-2007;348045;1268;94632;55869;35796;16656;62767;;67519;13538;5321;
NI;1;Summe;1991-2000;634698;2646;155919;124652;90972;22831;126678;;81628;29372;12262;
NI;1;Summe;1981-1990;733443;3820;164075;195147;87392;21996;179901;;52461;28652;13788;
NI;1;Summe;1966-1980;1221715;7202;311612;388167;114903;33301;267172;;60806;38552;21717;
NI;1;Summe;1956-1965;965374;7131;317748;315643;90734;22838;156253;;35114;19914;10641;
NI;1;Summe;<=1955;1138036;14029;425719;478939;67529;30698;88455;;24041;8626;4703;
NI;1;m|d|o;Summe;2463701;15532;662489;783902;204762;75271;522720;;133976;65049;31176;
NI;1;m|d|o;2001-2007;177664;986;43122;35661;15364;10704;42328;;22620;6881;2570;
NI;1;m|d|o;1991-2000;320278;1192;70834;66996;39818;13248;78216;;35218;14755;5990;
NI;1;m|d|o;1981-1990;366606;1795;73240;99744;38705;10930;106022;;23118;13050;5842;
NI;1;m|d|o;1966-1980;608419;3231;138882;202202;46539;15898;158692;;25209;17765;10039;
NI;1;m|d|o;1956-1965;472809;2901;149283;160440;37127;10063;88571;;15648;8776;4799;
NI;1;m|d|o;<=1955;517926;5427;187128;218859;27210;14428;48890;;12163;3821;1935;
NI;1;w;Summe;2577611;20565;807215;774515;282564;73049;358505;;187593;73605;37256;
NI;1;w;2001-2007;170382;283;51511;20209;20433;5952;20438;;44899;6657;2751;
NI;1;w;1991-2000;314420;1454;85085;57656;51154;9583;48462;;46410;14617;6272;
NI;1;w;1981-1990;366837;2024;90834;95402;48687;11066;73879;;29342;15601;7945;
NI;1;w;1966-1980;613297;3971;172729;185965;68364;17403;108480;;35597;20787;11678;
NI;1;w;1956-1965;492565;4231;168465;155203;53607;12775;67682;;19466;11138;5842;
NI;1;w;<=1955;620110;8603;238591;260080;40319;16270;39565;;11878;4805;2768;
NI;2;Summe;Summe;5041312;25976;1153523;1410418;576845;205163;894540;;405519;369328;37628;189376
NI;2;Summe;2001-2007;348045;977;48832;41496;35552;19951;63844;;99698;37694;2730;16945
NI;2;Summe;1991-2000;634698;1510;90218;101166;94975;29477;128645;;110020;78688;6135;37661
NI;2;Summe;1981-1990;733443;2240;109593;168506;105095;30008;185629;;59173;73199;7036;35220
NI;2;Summe;1966-1980;1221715;5155;242105;351837;142808;45459;271000;;68010;95341;11063;50057
NI;2;Summe;1956-1965;965374;4880;273272;293710;112390;32480;156067;;38952;53624;7624;30547
NI;2;Summe;<=1955;1138036;11214;389503;453702;86025;47789;89355;;29667;30782;3040;18946
NI;2;m|d|o;Summe;2463701;10904;509122;712293;257088;113053;538227;;162572;160441;18400;83042
NI;2;m|d|o;2001-2007;177664;574;25342;26188;17776;14093;43440;;31168;19084;1517;8298
NI;2;m|d|o;1991-2000;320278;798;39509;53777;44608;17607;81502;;45219;37258;3488;17419
NI;2;m|d|o;1981-1990;366606;1075;46918;87399;47902;16039;110976;;24806;31491;3631;14494
NI;2;m|d|o;1966-1980;608419;2193;105916;185971;61296;24375;163180;;27746;37741;5127;20176
NI;2;m|d|o;1956-1965;472809;2089;124591;152446;48714;16579;88477;;18412;21500;3213;13187
NI;2;m|d|o;<=1955;517926;4175;166847;206511;36792;24359;50653;;15221;13368;1423;9467
NI;2;w;Summe;2577611;15072;644401;698125;319757;92110;356313;;242947;208887;19228;106334
NI;2;w;2001-2007;170382;403;23490;15308;17776;5858;20404;;68531;18611;1213;8647
NI;2;w;1991-2000;314420;712;50709;47389;50367;11870;47142;;64801;41430;2647;20241
NI;2;w;1981-1990;366837;1164;62676;81107;57193;13969;74653;;34367;41708;3405;20726
NI;2;w;1966-1980;613297;2962;136189;165866;81512;21083;107821;;40263;57600;5936;29881
NI;2;w;1956-1965;492565;2791;148680;141264;63676;15901;67591;;20539;32124;4411;17360
NI;2;w;<=1955;620110;7039;222657;247191;49232;23430;38702;;14445;17414;1617;9479
HB;1;Summe;Summe;350366;3286;95267;78673;53287;9664;52638;;44408;13143;1758;
HB;1;Summe;2001-2007;23164;137;4859;1929;3264;941;2598;;8366;1070;125;
HB;1;Summe;1991-2000;49154;215;9539;6011;9531;1802;7386;;11982;2688;135;
HB;1;Summe;1981-1990;50155;439;8929;9206;9163;1296;10751;;7329;3041;479;
HB;1;Summe;1966-1980;78034;740;19952;18088;12109;1726;15079;;6899;3442;523;
HB;1;Summe;1956-1965;67936;846;20370;16144;10749;1607;11127;;5286;1808;311;
HB;1;Summe;<=1955;81924;909;31618;27295;8471;2292;5698;;4546;1095;184;
HB;1;m|d|o;Summe;167834;1650;43525;38796;22605;4967;30287;;18956;7048;652;
HB;1;m|d|o;2001-2007;10919;92;2169;1289;1375;476;1843;;2950;726;44;
HB;1;m|d|o;1991-2000;25003;147;5175;3191;4433;1181;4520;;4953;1404;24;
HB;1;m|d|o;1981-1990;25941;199;4420;4832;4117;736;6370;;3483;1786;183;
HB;1;m|d|o;1966-1980;38524;337;9765;9192;5101;740;8808;;2825;1756;211;
HB;1;m|d|o;1956-1965;32665;396;9317;8229;4542;633;6241;;2309;998;155;
HB;1;m|d|o;<=1955;34781;480;12679;12063;3038;1202;2505;;2436;377;35;
HB;1;w;Summe;182532;1636;51742;39877;30682;4697;22351;;25452;6095;1106;
HB;1;w;2001-2007;12245;45;2690;640;1889;465;755;;5416;344;81;
HB;1;w;1991-2000;24150;68;4363;2820;5098;621;2867;;7029;1284;111;
HB;1;w;1981-1990;24214;240;4510;4374;5046;561;4381;;3847;1255;296;
HB;1;w;1966-1980;39510;403;10187;8896;7008;986;6270;;4074;1685;312;
HB;1;w;1956-1965;35271;450;11054;7915;6206;973;4886;;2977;810;156;
HB;1;w;<=1955;47143;429;18939;15232;5433;1090;3192;;2110;717;149;
HB;2;Summe;Summe;350366;2110;80604;71573;54280;12295;52496;;51461;25547;1618;15114
HB;2;Summe;2001-2007;23164;97;2866;1594;2935;844;2573;;10306;1948;89;1194
HB;2;Summe;1991-2000;49154;69;6235;4951;9202;1940;7236;;14280;5240;90;2803
HB;2;Summe;1981-1990;50155;190;6872;8073;8919;1471;10439;;8368;5823;474;3383
HB;2;Summe;1966-1980;78034;433;16789;16612;13062;2237;15250;;7819;5833;403;3360
HB;2;Summe;1956-1965;67936;426;18071;14746;11345;2160;11343;;5866;3979;345;2569
HB;2;Summe;<=1955;81924;895;29770;25597;8817;3644;5656;;4822;2724;217;1805
HB;2;m|d|o;Summe;167834;847;36496;35281;24064;6589;30510;;21165;12881;743;7253
HB;2;m|d|o;2001-2007;10919;72;1506;1021;1520;461;1838;;3338;1160;20;701
HB;2;m|d|o;1991-2000;25003;55;3216;2676;4425;1319;4521;;5824;2968;71;1466
HB;2;m|d|o;1981-1990;25941;103;3410;4258;4425;841;6399;;3482;3023;318;1565
HB;2;m|d|o;1966-1980;38524;195;8214;8425;5566;1106;8957;;3342;2720;203;1438
HB;2;m|d|o;1956-1965;32665;191;8262;7524;4913;925;6319;;2616;1916;108;1255
HB;2;m|d|o;<=1955;34781;231;11887;11377;3215;1937;2475;;2563;1095;23;828
HB;2;w;Summe;182532;1263;44108;36292;30216;5706;21986;;30296;12666;875;7861
HB;2;w;2001-2007;12245;25;1360;573;1415;383;735;;6968;788;68;493
HB;2;w;1991-2000;24150;14;3019;2275;4778;620;2715;;8456;2272;20;1337
HB;2;w;1981-1990;24214;87;3462;3816;4494;629;4039;;4886;2801;156;1818
HB;2;w;1966-1980;39510;237;8576;8187;7496;1131;6293;;4478;3113;200;1922
HB;2;w;1956-1965;35271;235;9808;7222;6432;1235;5024;;3251;2064;237;1314
HB;2;w;<=1955;47143;664;17883;14220;5602;1707;3181;;2258;1628;194;978
NW;1;Summe;Summe;10587740;97311;2633792;3566853;1230253;349157;1720896;;714177;275301;113892;6515
NW;1;Summe;2001-2007;753911;4502;182922;139089;103076;35376;108039;;154891;26015;6941;960
NW;1;Summe;1991-2000;1419157;9311;298389;292412;245916;63445;254482;;193602;61599;20057;1369
NW;1;Summe;1981-1990;1525636;12767;294056;436091;212679;55926;342064;;113238;58815;23896;1200
NW;1;Summe;1966-1980;2526524;20066;548405;881791;289054;77321;509859;;130251;69776;32789;1482
NW;1;Summe;1956-1965;2074321;20851;582834;741228;227793;52548;334759;;75277;39031;20411;924
NW;1;Summe;<=1955;2288191;29814;727185;1076242;151735;64540;171693;;46918;20064;9798;580
NW;1;m|d|o;Summe;5142343;44449;1181659;1771239;514890;178253;1015699;;299103;137050;55338;2550
NW;1;m|d|o;2001-2007;373924;2280;81158;83901;41725;23327;74072;;52788;14675;4010;252
NW;1;m|d|o;1991-2000;708236;4581;136266;159953;105618;35827;155136;;78981;31873;10897;530
NW;1;m|d|o;1981-1990;765105;6277;131650;220537;92487;29307;202526;;52067;30254;11496;489
NW;1;m|d|o;1966-1980;1253329;9051;246924;452862;121405;36726;299075;;54578;32709;15113;561
NW;1;m|d|o;1956-1965;1024738;10027;273162;375655;93749;24412;191849;;37286;18598;9747;395
NW;1;m|d|o;<=1955;1017011;12234;312499;478331;59906;28654;93042;;23404;8941;4074;323
NW;1;w;Summe;5445397;52862;1452133;1795614;715363;170904;705197;;415074;138251;58554;3965
NW;1;w;2001-2007;379987;2222;101764;55189;61352;12050;33968;;102103;11340;2931;708
NW;1;w;1991-2000;710921;4730;162123;132459;140297;27618;99346;;114621;29727;9159;839
NW;1;w;1981-1990;760531;6490;162406;215554;120192;26619;139538;;61171;28561;12400;712
NW;1;w;1966-1980;1273195;11015;301482;428929;167649;40595;210784;;75673;37067;17676;921
NW;1;w;1956-1965;1049584;10825;309672;365572;134044;28137;142910;;37991;20433;10664;529
NW;1;w;<=1955;1271180;17580;414686;597911;91828;35885;78651;;23515;11123;5724;256
NW;2;Summe;Summe;10587740;61606;2108434;3170627;1300901;462446;1770379;;877123;836224;52891;432911
NW;2;Summe;2001-2007;753911;2143;100256;101349;92159;42939;113318;;212946;88802;3322;44554
NW;2;Summe;1991-2000;1419157;4700;180883;224855;227724;74183;262148;;259009;185653;10189;83509
NW;2;Summe;1981-1990;1525636;6238;204980;363861;224503;68525;354139;;127906;175484;11588;84659
NW;2;Summe;1966-1980;2526524;11456;433517;781088;327005;105496;525612;;138272;204078;15390;110443
NW;2;Summe;1956-1965;2074321;13243;510819;685203;255981;73575;338944;;83521;113034;8332;67666
NW;2;Summe;<=1955;2288191;23826;677978;1014270;173530;97728;176217;;55469;69173;4070;42079
NW;2;m|d|o;Summe;5142343;25186;939353;1577365;567432;254202;1061958;;355256;361591;24547;189908
NW;2;m|d|o;2001-2007;373924;1235;50018;61659;41296;28812;77920;;67172;45812;2171;22075
NW;2;m|d|o;1991-2000;708236;2320;83271;124665;103844;45067;163692;;101507;83870;5013;37093
NW;2;m|d|o;1981-1990;765105;2893;89277;186462;102206;39288;213814;;56190;74975;4908;36517
NW;2;m|d|o;1966-1980;1253329;4025;193703;405255;141634;55174;311989;;57780;83769;6879;46576
NW;2;m|d|o;1956-1965;1024738;5893;235208;348800;108679;39297;198614;;43298;44949;4214;27728
NW;2;m|d|o;<=1955;1017011;8822;287875;450524;69773;46563;95928;;29310;28216;1363;19918
NW;2;w;Summe;5445397;36420;1169081;1593262;733469;208244;708421;;521867;474633;28344;243003
NW;2;w;2001-2007;379987;908;50238;39690;50862;14126;35398;;145774;42990;1151;22479
NW;2;w;1991-2000;710921;2381;97612;100190;123880;29116;98457;;157502;101783;5176;46416
NW;2;w;1981-1990;760531;3345;115703;177399;122297;29237;140325;;71716;100509;6680;48143
NW;2;w;1966-1980;1273195;7431;239814;375833;185371;50322;213622;;80493;120308;8511;63866
NW;2;w;1956-1965;1049584;7350;275611;336404;147302;34278;140330;;40223;68086;4118;39938
NW;2;w;<=1955;1271180;15004;390102;563746;103756;51165;80289;;26159;40957;2707;22161
HE;1;Summe;Summe;3608634;35802;843094;1154330;411127;128781;633669;;256907;144924;80795;
HE;1;Summe;2001-2007;256938;2359;61936;45216;29738;13805;40015;;51616;12252;5105;
HE;1;Summe;1991-2000;433385;4311;89330;82591;63486;21771;79365;;63265;29265;13868;
HE;1;Summe;1981-1990;506740;4326;93555;134681;70562;17112;115389;;41824;29292;15350;
HE;1;Summe;1966-1980;907996;7276;176174;298499;107530;29957;198769;;50163;39629;23760;
HE;1;Summe;1956-1965;706431;7581;183833;235236;84308;18555;124807;;29944;22168;14540;
HE;1;Summe;<=1955;797145;9949;238267;358107;55503;27582;75324;;20095;12318;8172;
HE;1;m|d|o;Summe;1759172;16298;378627;572859;180078;65766;374151;;103851;67541;35224;
HE;1;m|d|o;2001-2007;129669;1516;28038;27001;13335;8652;26286;;18075;6765;2727;
HE;1;m|d|o;1991-2000;218149;1894;40371;44921;28141;12282;50053;;25097;15391;7450;
HE;1;m|d|o;1981-1990;251383;1649;41199;68935;32262;8242;67871;;17916;13308;6706;
HE;1;m|d|o;1966-1980;452512;3058;79763;153361;47051;14422;118567;;19072;17219;9393;
HE;1;m|d|o;1956-1965;346783;3505;84442;118487;36007;8627;71995;;13842;9877;6273;
HE;1;m|d|o;<=1955;360676;4676;104814;160155;23283;13541;39379;;9848;4980;2675;
HE;1;w;Summe;1849462;19504;464467;581471;231049;63015;259518;;153056;77383;45571;
HE;1;w;2001-2007;127269;843;33898;18215;16404;5153;13729;;33540;5487;2378;
HE;1;w;1991-2000;215236;2417;48959;37670;35345;9489;29313;;38168;13874;6418;
HE;1;w;1981-1990;255357;2676;52356;65747;38300;8869;47517;;23908;15984;8644;
HE;1;w;1966-1980;455484;4218;96411;145138;60479;15535;80201;;31091;22410;14367;
HE;1;w;1956-1965;359648;4076;99391;116749;48301;9928;52812;;16101;12291;8266;
HE;1;w;<=1955;436469;5273;133452;197952;32220;14041;35946;;10248;7337;5497;
HE;2;Summe;Summe;3608634;27800;657510;1033842;451510;180823;636778;;311058;309313;46567;158653
HE;2;Summe;2001-2007;256938;2130;31847;35302;25983;17570;40540;;74361;29204;2993;14840
HE;2;Summe;1991-2000;433385;2214;53535;68364;61501;24438;78591;;80822;63919;6646;29468
HE;2;Summe;1981-1990;506740;3073;66156;116084;76042;21042;117892;;44744;61705;8890;31508
HE;2;Summe;1966-1980;907996;5698;137406;265842;123456;43365;200350;;53028;78851;13812;39665
HE;2;Summe;1956-1965;706431;5400;152277;216346;98219;29141;124349;;34282;46419;8768;27133
HE;2;Summe;<=1955;797145;9285;216288;331903;66309;45268;75056;;23820;29215;5458;16039
HE;2;m|d|o;Summe;1759172;12702;292737;510684;201705;99555;381271;;124170;136348;20664;72091
HE;2;m|d|o;2001-2007;129669;1463;16005;20597;12702;11409;27820;;24517;15157;1747;7391
HE;2;m|d|o;1991-2000;218149;1210;24696;37144;27883;15326;49982;;30827;31082;3332;14029
HE;2;m|d|o;1981-1990;251383;1213;28149;58710;35452;11126;70884;;19089;26760;4030;14328
HE;2;m|d|o;1966-1980;452512;2429;60574;136564;55146;23006;121150;;21265;32379;6180;16684
HE;2;m|d|o;1956-1965;346783;2438;69515;110056;43034;15287;71718;;16181;18553;3505;11581
HE;2;m|d|o;<=1955;360676;3950;93797;147612;27488;23402;39718;;12292;12416;1871;8078
HE;2;w;Summe;1849462;15098;364773;523158;249805;81268;255507;;186888;172965;25903;86562
HE;2;w;2001-2007;127269;668;15842;14706;13282;6161;12720;;49844;14047;1246;7449
HE;2;w;1991-2000;215236;1004;28839;31220;33618;9112;28610;;49996;32837;3314;15439
HE;2;w;1981-1990;255357;1861;38007;57375;40590;9917;47008;;25655;34945;4860;17179
HE;2;w;1966-1980;455484;3270;76833;129277;68310;20359;79200;;31763;46472;7632;22981
HE;2;w;1956-1965;359648;2961;82762;106290;55184;13854;52630;;18101;27866;5263;15553
HE;2;w;<=1955;436469;5334;122491;184291;38820;21866;35338;;11529;16799;3587;7961
RP;1;Summe;Summe;2500548;27497;573461;831611;204080;83327;476014;;123638;180920;80572;54639
RP;1;Summe;2001-2007;166498;1611;40367;29762;16663;7275;28260;;26452;16107;5308;5401
RP;1;Summe;1991-2000;313683;1798;61220;66395;36571;14837;68131;;31662;33070;13111;8768
RP;1;Summe;1981-1990;362677;2897;63983;100605;36659;11147;94259;;19458;33671;15076;9028
RP;1;Summe;1966-1980;595046;5608;117260;197696;49575;17461;136234;;21589;49623;24552;14578
RP;1;Summe;1956-1965;516805;5242;133021;182734;39266;15100;97164;;14187;30090;13733;10070
RP;1;Summe;<=1955;545838;10341;157609;254419;25346;17508;51966;;10290;18360;8792;6794
RP;1;m|d|o;Summe;1240565;12789;263160;417277;84999;44167;287072;;51241;79859;36609;24166
RP;1;m|d|o;2001-2007;85406;925;18920;17156;6689;5087;19407;;8911;8312;2731;2921
RP;1;m|d|o;1991-2000;161048;1139;27928;35839;14686;9757;41972;;13821;15905;6601;4417
RP;1;m|d|o;1981-1990;189457;1305;30895;52024;17008;6092;57910;;8725;15498;7623;3918
RP;1;m|d|o;1966-1980;297477;2368;54329;101045;20664;8471;81429;;8567;20604;11101;5625
RP;1;m|d|o;1956-1965;256421;2655;60976;94520;15739;6602;57144;;6380;12405;5314;4275
RP;1;m|d|o;<=1955;250756;4398;70112;116693;10213;8158;29210;;4837;7135;3239;3011
RP;1;w;Summe;1259983;14708;310301;414334;119081;39160;188942;;72397;101061;43963;30473
RP;1;w;2001-2007;81092;687;21447;12606;9974;2189;8853;;17542;7795;2577;2480
RP;1;w;1991-2000;152635;659;33292;30556;21885;5080;26159;;17841;17165;6511;4351
RP;1;w;1981-1990;173221;1592;33089;48581;19651;5054;36349;;10733;18173;7453;5110
RP;1;w;1966-1980;297570;3241;62931;96651;28911;8990;54805;;13022;29019;13452;8953
RP;1;w;1956-1965;260384;2587;72045;88214;23528;8498;40020;;7807;17685;8419;5796
RP;1;w;<=1955;295082;5943;87497;137726;15133;9349;22756;;5453;11225;5552;3783
RP;2;Summe;Summe;2500548;18190;462705;760623;256869;114047;498695;;161867;227552;52013;105103
RP;2;Summe;2001-2007;166498;1477;21519;23310;18157;10345;30194;;41697;19798;2390;9012
RP;2;Summe;1991-2000;313683;1033;37915;53508;42681;18518;71635;;44940;43453;8734;17261
RP;2;Summe;1981-1990;362677;2080;44096;88740;45968;15768;100731;;21936;43359;9693;18863
RP;2;Summe;1966-1980;595046;3529;93899;182134;64630;24144;142678;;25065;58967;14630;28419
RP;2;Summe;1956-1965;516805;3153;116566;168846;52558;20198;99430;;17028;39025;9770;20076
RP;2;Summe;<=1955;545838;6918;148710;244085;32874;25074;54026;;11200;22951;6796;11472
RP;2;m|d|o;Summe;1240565;7245;209575;382645;112065;63302;303587;;64325;97820;24356;46048
RP;2;m|d|o;2001-2007;85406;1004;11154;14458;7893;6974;20567;;13012;10344;1286;4344
RP;2;m|d|o;1991-2000;161048;598;17846;27451;18915;12519;45380;;17520;20820;4795;8148
RP;2;m|d|o;1981-1990;189457;987;20546;46558;20775;8655;62455;;10394;19088;5079;8006
RP;2;m|d|o;1966-1980;297477;878;42889;93323;29014;12326;85626;;10055;23365;6636;11865
RP;2;m|d|o;1956-1965;256421;1509;52516;88072;21780;10374;59258;;7810;15102;4156;8377
RP;2;m|d|o;<=1955;250756;2270;64624;112784;13688;12455;30302;;5534;9100;2404;5308
RP;2;w;Summe;1259983;10945;253130;377978;144804;50745;195108;;97542;129732;27657;59055
RP;2;w;2001-2007;81092;474;10365;8852;10264;3371;9627;;28685;9454;1103;4668
RP;2;w;1991-2000;152635;435;20069;26057;23766;5999;26256;;27420;22633;3939;9113
RP;2;w;1981-1990;173221;1094;23549;42182;25193;7113;38276;;11543;24271;4614;10858
RP;2;w;1966-1980;297570;2650;51010;88811;35616;11818;57052;;15010;35601;7994;16554
RP;2;w;1956-1965;260384;1645;64050;80774;30778;9824;40173;;9218;23923;5615;11699
RP;2;w;<=1955;295082;4648;84086;131301;19186;12620;23724;;5666;13851;4392;6163
BW;1;Summe;Summe;6382446;49732;1002327;2280707;887608;271794;1231221;;360037;299020;163869;
BW;1;Summe;2001-2007;485790;2941;79492;96370;86129;27124;84152;;79805;29777;12594;
BW;1;Summe;1991-2000;859996;4571;113496;205789;164781;46644;166813;;91391;66510;28258;
BW;1;Summe;1981-1990;944662;4623;111894;295045;146572;40659;233677;;56060;56132;30970;
BW;1;Summe;1966-1980;1507721;8826;193327;540024;205614;55576;363199;;64410;76745;46634;
BW;1;Summe;1956-1965;1239842;10461;218253;474711;163850;43089;243275;;41710;44492;28600;
BW;1;Summe;<=1955;1344435;18310;285864;668768;120661;58701;140106;;26662;25363;16812;
BW;1;m|d|o;Summe;3129180;23129;444035;1126853;388373;139726;724016;;147720;135330;72341;
BW;1;m|d|o;2001-2007;247190;1825;34637;56870;36076;17513;57114;;27086;16070;6822;
BW;1;m|d|o;1991-2000;438504;2660;51913;107636;73598;27209;103815;;38210;33463;14101;
BW;1;m|d|o;1981-1990;478740;2659;49509;147362;65199;21888;142065;;24455;25604;13996;
BW;1;m|d|o;1966-1980;746552;4186;85807;273174;91834;26468;207964;;25899;31219;19095;
BW;1;m|d|o;1956-1965;612264;4500;98616;240477;72104;19635;139003;;18719;19210;12270;
BW;1;m|d|o;<=1955;605930;7299;123554;301334;49562;27011;74055;;13352;9764;6056;
BW;1;w;Summe;3253266;26603;558292;1153854;499235;132068;507205;;212317;163690;91528;
BW;1;w;2001-2007;238600;1116;44855;39500;50054;9611;27038;;52719;13708;5772;
BW;1;w;1991-2000;421492;1911;61583;98153;91184;19435;62998;;53182;33047;14157;
BW;1;w;1981-1990;465922;1964;62385;147684;81373;18771;91612;;31605;30528;16974;
BW;1;w;1966-1980;761169;4640;107521;266850;113780;29108;155234;;38511;45527;27539;
BW;1;w;1956-1965;627578;5961;119638;234234;91746;23454;104272;;22991;25282;16330;
BW;1;w;<=1955;738505;11012;162310;367434;71099;31690;66051;;13310;15599;10756;
BW;2;Summe;Summe;6382446;32448;898778;2006866;865738;357539;1256430;;429484;535163;86311;260219
BW;2;Summe;2001-2007;485790;1110;54579;71169;68653;32567;88117;;113195;56400;5835;27092
BW;2;Summe;1991-2000;859996;2358;87542;163325;149213;55888;173637;;116221;111813;15797;46321
BW;2;Summe;1981-1990;944662;2696;95496;251795;145952;49835;241287;;60239;97362;15474;45078
BW;2;Summe;1966-1980;1507721;4949;176543;474320;208421;74032;370926;;66998;131534;22991;66479
BW;2;Summe;1956-1965;1239842;6244;206199;429762;166751;59113;243106;;42939;85727;15822;46823
BW;2;Summe;<=1955;1344435;15092;278420;616495;126748;86103;139357;;29892;52327;10391;28425
BW;2;m|d|o;Summe;3129180;14241;395672;991394;384883;193121;750163;;171459;228248;38832;109119
BW;2;m|d|o;2001-2007;247190;688;26094;41627;32809;21795;60611;;35529;28038;3389;12770
BW;2;m|d|o;1991-2000;438504;1370;38669;86559;69444;34603;109846;;46476;51537;7659;19946
BW;2;m|d|o;1981-1990;478740;1519;41672;127129;64619;27843;148035;;26846;41079;7548;17977
BW;2;m|d|o;1966-1980;746552;2185;77633;242342;92988;36648;215795;;26902;52059;10351;26060
BW;2;m|d|o;1956-1965;612264;3023;92391;216942;73899;29502;141541;;20358;34608;6295;19528
BW;2;m|d|o;<=1955;605930;5457;119214;276796;51123;42731;74334;;15349;20926;3590;12838
BW;2;w;Summe;3253266;18207;503106;1015472;480855;164418;506267;;258025;306915;47479;151100
BW;2;w;2001-2007;238600;422;28485;29542;35844;10772;27506;;77666;28363;2446;14322
BW;2;w;1991-2000;421492;987;48873;76766;79768;21285;63791;;69745;60276;8138;26375
BW;2;w;1981-1990;465922;1177;53824;124666;81333;21993;93253;;33393;56282;7927;27101
BW;2;w;1966-1980;761169;2764;98910;231978;115432;37384;155130;;40096;79474;12640;40419
BW;2;w;1956-1965;627578;3221;113808;212820;92852;29612;101564;;22581;51119;9527;27295
BW;2;w;<=1955;738505;9635;159206;339699;75624;43373;65023;;14544;31401;6802;15587
BY;1;Summe;Summe;7996557;47357;1016841;;969735;246700;1384631;3272064;366149;693080;461198;19929
BY;1;Summe;2001-2007;547884;1704;74599;;85095;24855;88318;133099;84045;56170;30916;1764
BY;1;Summe;1991-2000;1093151;4254;122727;;197258;46097;208528;291474;100114;122701;73612;3683
BY;1;Summe;1981-1990;1237659;5487;127864;;188156;36972;270675;423985;58173;126347;79426;3679
BY;1;Summe;1966-1980;1970092;9653;203991;;232211;51970;422684;803858;64052;181672;123106;4858
BY;1;Summe;1956-1965;1537890;10946;212237;;161180;39838;258334;695879;37562;121915;88056;3681
BY;1;Summe;<=1955;1609881;15314;275423;;105834;46969;136092;923769;22204;84276;66083;2263
BY;1;m|d|o;Summe;3974444;23568;463485;;444036;132992;819166;1616071;150110;325016;218931;8183
BY;1;m|d|o;2001-2007;284787;841;33959;;37463;16833;58155;79313;28096;30126;16965;793
BY;1;m|d|o;1991-2000;559863;2073;57010;;92229;27214;127594;152936;40919;59888;36718;1661
BY;1;m|d|o;1981-1990;633476;2958;59565;;87637;19831;162351;215907;25757;59471;37794;1454
BY;1;m|d|o;1966-1980;988803;4637;92077;;105097;26149;249116;406728;25449;79550;53954;1824
BY;1;m|d|o;1956-1965;770092;5805;99616;;72763;19985;149893;345384;18408;58238;43527;1588
BY;1;m|d|o;<=1955;737424;7255;121258;;48847;22980;72056;415803;11480;37744;29973;864
BY;1;w;Summe;4022113;23789;553356;;525699;113708;565465;1655993;216039;368064;242267;11746
BY;1;w;2001-2007;263097;863;40639;;47631;8022;30163;53787;55948;26044;13952;971
BY;1;w;1991-2000;533288;2181;65717;;105029;18882;80934;138537;59194;62813;36894;2023
BY;1;w;1981-1990;604183;2529;68299;;100520;17140;108324;208078;32416;66876;41632;2226
BY;1;w;1966-1980;981289;5016;111914;;127114;25821;173568;397130;38603;102122;69152;3035
BY;1;w;1956-1965;767798;5141;112621;;88417;19853;108440;350495;19154;63677;44528;2093
BY;1;w;<=1955;872457;8058;154165;;56987;23989;64036;507966;10724;46532;36109;1398
BY;2;Summe;Summe;7996557;24503;920675;;957435;333257;1515731;2964028;456935;823993;345840;246518
BY;2;Summe;2001-2007;547884;759;53855;;72036;30600;99040;100800;117525;73268;20718;23399
BY;2;Summe;1991-2000;1093151;1179;99233;;178280;54589;232185;240777;132114;154794;51190;44450
BY;2;Summe;1981-1990;1237659;1732;109288;;187163;46869;298700;375619;69699;148589;53372;46700
BY;2;Summe;1966-1980;1970092;2967;190948;;240113;74204;463558;725257;69988;203056;88187;62486
BY;2;Summe;1956-1965;1537890;6120;201561;;167531;58714;276853;649876;40138;137097;67466;41881
BY;2;Summe;<=1955;1609881;11746;265790;;112312;68281;145394;871699;27471;107189;64907;27602
BY;2;m|d|o;Summe;3974444;11879;419098;;445514;185665;907166;1461963;185186;357973;152933;105537
BY;2;m|d|o;2001-2007;284787;387;26059;;34608;20890;67291;60259;38553;36740;10865;11118
BY;2;m|d|o;1991-2000;559863;495;46998;;86037;34115;143987;124629;53921;69680;23886;17974
BY;2;m|d|o;1981-1990;633476;979;49128;;88913;27026;181181;191672;31402;63175;23078;18558
BY;2;m|d|o;1966-1980;988803;1340;86850;;108513;37822;275759;368555;27608;82356;36587;25693
BY;2;m|d|o;1956-1965;770092;2984;94522;;76690;30729;162656;323330;19114;60067;30663;19136
BY;2;m|d|o;<=1955;737424;5694;115540;;50753;35083;76290;393519;14588;45955;27855;13059
BY;2;w;Summe;4022113;12624;501577;;511921;147592;608565;1502065;271749;466020;192907;140981
BY;2;w;2001-2007;263097;373;27796;;37428;9710;31749;40541;78973;36528;9853;12281
BY;2;w;1991-2000;533288;683;52235;;92243;20473;88198;116148;78193;85114;27304;26477
BY;2;w;1981-1990;604183;754;60160;;98251;19843;117519;183947;38297;85414;30295;28142
BY;2;w;1966-1980;981289;1627;104098;;131600;36383;187799;356703;42380;120700;51601;36793
BY;2;w;1956-1965;767798;3136;107039;;90841;27985;114197;326546;21024;77030;36802;22745
BY;2;w;<=1955;872457;6051;150249;;61559;33198;69104;478180;12883;61234;37052;14543
SL;1;Summe;Summe;605293;8051;178745;177003;30477;20611;129177;;41215;20014;19458;
SL;1;Summe;2001-2007;37116;461;11215;5505;2038;1784;7858;;7296;958;936;
SL;1;Summe;1991-2000;71001;699;19847;11968;4827;3214;17553;;9656;3236;3119;
SL;1;Summe;1981-1990;86184;913;20809;19022;5580;2667;27086;;6636;3470;3397;
SL;1;Summe;1966-1980;135057;1326;33778;38365;6311;4451;36766;;8000;6060;5896;
SL;1;Summe;1956-1965;129323;2000;42554;39077;7581;3777;25191;;5358;3785;3647;
SL;1;Summe;<=1955;146612;2653;50542;63065;4140;4718;14723;;4268;2505;2463;
SL;1;m|d|o;Summe;297750;3805;81550;86686;13915;10464;74251;;18286;8793;8522;
SL;1;m|d|o;2001-2007;19008;253;5749;3125;777;1115;4665;;2704;620;598;
SL;1;m|d|o;1991-2000;36362;252;9532;6019;2323;1886;10467;;4265;1618;1570;
SL;1;m|d|o;1981-1990;44992;377;9878;9780;2859;1177;16010;;3355;1558;1516;
SL;1;m|d|o;1966-1980;66000;710;14899;19202;2787;2074;20831;;3054;2442;2358;
SL;1;m|d|o;1956-1965;63998;1001;19327;20057;3331;1941;14411;;2587;1342;1303;
SL;1;m|d|o;<=1955;67390;1211;22165;28504;1839;2271;7867;;2320;1213;1177;
SL;1;w;Summe;307543;4246;97195;90317;16562;10147;54926;;22929;11221;10936;
SL;1;w;2001-2007;18108;208;5466;2381;1261;670;3193;;4592;338;338;
SL;1;w;1991-2000;34639;447;10316;5949;2504;1329;7085;;5391;1618;1549;
SL;1;w;1981-1990;41191;536;10931;9243;2721;1490;11077;;3282;1912;1881;
SL;1;w;1966-1980;69057;616;18879;19163;3524;2376;15935;;4946;3618;3539;
SL;1;w;1956-1965;65326;998;23226;19020;4250;1836;10780;;2771;2444;2344;
SL;1;w;<=1955;79223;1442;28377;34561;2301;2446;6856;;1948;1292;1285;
SL;2;Summe;Summe;605293;5570;131136;161113;43371;25725;129294;;44080;65004;8476;37001
SL;2;Summe;2001-2007;37116;287;5069;3928;3149;2109;8077;;9141;5355;204;3172
SL;2;Summe;1991-2000;71001;617;10321;9413;6950;3646;18099;;11158;10797;1287;5275
SL;2;Summe;1981-1990;86184;613;13532;16475;7618;3072;26870;;7066;10939;1825;5429
SL;2;Summe;1966-1980;135057;823;23535;33907;9550;5670;37121;;7725;16727;2667;9334
SL;2;Summe;1956-1965;129323;1215;33865;37074;9546;4843;24913;;4957;12910;1498;8497
SL;2;Summe;<=1955;146612;2016;44813;60318;6558;6385;14214;;4033;8277;994;5294
SL;2;m|d|o;Summe;297750;2457;59742;78552;21400;14164;76154;;18695;26586;3960;15314
SL;2;m|d|o;2001-2007;19008;120;2400;2218;1582;1590;5008;;3286;2802;149;1468
SL;2;m|d|o;1991-2000;36362;227;5026;4965;3712;2238;10932;;4499;4763;866;2237
SL;2;m|d|o;1981-1990;44992;267;6627;8566;3822;1596;16085;;3239;4790;855;2247
SL;2;m|d|o;1966-1980;66000;468;10225;17221;4589;2725;21758;;3031;5983;1054;3571
SL;2;m|d|o;1956-1965;63998;553;15604;18622;4506;2629;14474;;2505;5104;508;3658
SL;2;m|d|o;<=1955;67390;822;19860;26959;3188;3386;7897;;2134;3143;527;2133
SL;2;w;Summe;307543;3113;71394;82561;21971;11561;53140;;25385;38418;4516;21687
SL;2;w;2001-2007;18108;167;2669;1709;1567;519;3069;;5855;2553;55;1704
SL;2;w;1991-2000;34639;389;5295;4448;3238;1408;7167;;6660;6034;421;3038
SL;2;w;1981-1990;41191;346;6905;7908;3796;1476;10784;;3826;6149;970;3182
SL;2;w;1966-1980;69057;355;13310;16685;4961;2945;15363;;4694;10744;1613;5763
SL;2;w;1956-1965;65326;662;18261;18452;5040;2214;10439;;2451;7806;990;4839
SL;2;w;<=1955;79223;1194;24953;33358;3370;2999;6317;;1898;5134;467;3161
BE;1;Summe;Summe;1961177;18539;326663;413893;338231;52575;294546;;423549;93181;9141;41787
BE;1;Summe;2001-2007;130291;1006;18929;12731;24168;4438;12037;;51449;5533;428;1655
BE;1;Summe;1991-2000;260774;1461;32436;29015;60237;8786;25502;;90333;13003;1052;3772
BE;1;Summe;1981-1990;346108;1916;43934;52969;78305;9700;52076;;88395;18812;2137;6703
BE;1;Summe;1966-1980;476458;4489;70397;99295;97769;12027;86132;;84331;22020;2163;8414
BE;1;Summe;1956-1965;338668;3774;61218;85133;45234;7014;70311;;49557;16427;1995;9289
BE;1;Summe;<=1955;408878;5893;99749;134750;32518;10611;48488;;59484;17386;1366;11954
BE;1;m|d|o;Summe;933433;7910;144816;201872;151481;27595;169572;;189305;40882;4202;18441
BE;1;m|d|o;2001-2007;63182;354;9301;7714;10256;2876;8242;;22181;2257;256;855
BE;1;m|d|o;1991-2000;124165;688;15739;15941;25126;5010;15353;;39617;6691;459;2077
BE;1;m|d|o;1981-1990;172264;704;20657;27947;36535;5436;30277;;42217;8491;1076;2550
BE;1;m|d|o;1966-1980;234038;1703;31738;51703;46311;5822;49439;;37948;9376;1178;3288
BE;1;m|d|o;1956-1965;164789;2016;27693;40522;20560;3508;40450;;23359;6683;838;4011
BE;1;m|d|o;<=1955;174995;2444;39689;58046;12694;4944;25811;;23983;7384;395;5660
BE;1;w;Summe;1027744;10629;181847;212021;186750;24980;124974;;234244;52299;4939;23346
BE;1;w;2001-2007;67108;652;9628;5017;13912;1562;3795;;29268;3276;172;800
BE;1;w;1991-2000;136609;773;16697;13074;35111;3776;10150;;50717;6312;593;1695
BE;1;w;1981-1990;173844;1212;23277;25022;41770;4265;21800;;46178;10321;1061;4153
BE;1;w;1966-1980;242420;2786;38659;47592;51458;6205;36692;;46383;12644;985;5126
BE;1;w;1956-1965;173878;1758;33525;44611;24674;3506;29861;;26199;9744;1157;5277
BE;1;w;<=1955;233884;3448;60061;76704;19824;5667;22677;;35500;10003;971;6294
BE;2;Summe;Summe;1961177;11644;295182;356099;328035;74076;296990;;387222;211929;6402;129651
BE;2;Summe;2001-2007;130291;548;11931;9192;18555;5716;12110;;56551;15688;332;7896
BE;2;Summe;1991-2000;260774;790;23601;22303;51792;11512;25892;;93094;31790;975;15131
BE;2;Summe;1981-1990;346108;1149;38191;43489;79583;12034;53424;;76399;41840;1214;20415
BE;2;Summe;1966-1980;476458;2475;64422;88440;97473;18090;84975;;69883;50700;1745;31954
BE;2;Summe;1956-1965;338668;2459;58478;73117;47120;10764;70765;;41589;34375;985;24893
BE;2;Summe;<=1955;408878;4223;98560;119558;33513;15959;49824;;49707;37536;1152;29362
BE;2;m|d|o;Summe;933433;5254;129867;175689;151772;41150;172737;;163500;93465;2932;58533
BE;2;m|d|o;2001-2007;63182;236;6162;5871;9666;3329;8577;;21438;7903;220;4314
BE;2;m|d|o;1991-2000;124165;470;11587;11647;23727;7015;15931;;37495;16292;455;7979
BE;2;m|d|o;1981-1990;172264;435;18427;23546;37038;7138;31241;;35879;18560;614;8797
BE;2;m|d|o;1966-1980;234038;887;29572;47029;45749;9824;49296;;30544;21137;790;13447
BE;2;m|d|o;1956-1965;164789;1357;25960;35707;21698;5749;40817;;19219;14283;427;10605
BE;2;m|d|o;<=1955;174995;1868;38158;51888;13894;8096;26876;;18925;15290;426;13390
BE;2;w;Summe;1027744;6390;165315;180410;176263;32926;124253;;223722;118464;3470;71118
BE;2;w;2001-2007;67108;312;5768;3320;8889;2388;3533;;35113;7784;111;3582
BE;2;w;1991-2000;136609;320;12013;10656;28065;4497;9960;;55599;15499;520;7152
BE;2;w;1981-1990;173844;714;19764;19943;42545;4897;22183;;40519;23280;601;11618
BE;2;w;1966-1980;242420;1588;34850;41411;51724;8266;35679;;39339;29563;954;18507
BE;2;w;1956-1965;173878;1102;32518;37411;25421;5016;29949;;22370;20092;558;14287
BE;2;w;<=1955;233884;2355;60402;67670;19619;7863;22948;;30781;22246;726;15973
BB;1;Summe;Summe;1658681;16488;337040;332331;86006;44451;565718;;189182;87465;53057;
BB;1;Summe;2001-2007;90369;864;15251;9913;6017;2496;30010;;19299;6519;3075;
BB;1;Summe;1991-2000;132167;1052;20513;17664;13624;4257;45530;;19906;9622;4405;
BB;1;Summe;1981-1990;284155;2815;39436;46655;21365;7815;124177;;22765;19127;10352;
BB;1;Summe;1966-1980;422849;2426;66897;84999;22843;10505;172101;;37761;25318;16894;
BB;1;Summe;1956-1965;338838;2498;70393;79391;11570;9785;116248;;34119;14835;10444;
BB;1;Summe;<=1955;390302;6834;124550;93711;10587;9594;77650;;55331;12044;7887;
BB;1;m|d|o;Summe;793979;7408;139364;158139;38439;21101;316129;;76605;36794;21275;
BB;1;m|d|o;2001-2007;44038;151;5915;5127;2466;1436;18928;;6796;3218;1363;
BB;1;m|d|o;1991-2000;63687;571;8215;8548;4994;2231;25624;;8727;4777;1864;
BB;1;m|d|o;1981-1990;138802;1221;16404;23798;9629;3574;66253;;9705;8218;4518;
BB;1;m|d|o;1966-1980;214665;793;30381;42919;11178;4369;99111;;15241;10673;6724;
BB;1;m|d|o;1956-1965;166345;947;32190;37615;5723;5139;65348;;13334;6049;4487;
BB;1;m|d|o;<=1955;166441;3725;46259;40132;4447;4352;40864;;22802;3860;2319;
BB;1;w;Summe;864702;9080;197676;174192;47567;23350;249589;;112577;50671;31782;
BB;1;w;2001-2007;46331;713;9336;4785;3551;1060;11082;;12503;3302;1712;
BB;1;w;1991-2000;68480;481;12298;9116;8630;2025;19906;;11179;4846;2541;
BB;1;w;1981-1990;145353;1594;23032;22857;11736;4241;57924;;13060;10909;5834;
BB;1;w;1966-1980;208184;1633;36516;42079;11664;6136;72991;;22520;14645;10169;
BB;1;w;1956-1965;172493;1550;38203;41776;5846;4646;50901;;20785;8786;5957;
BB;1;w;<=1955;223861;3109;78291;53579;6140;5243;36786;;32529;8184;5568;
BB;2;Summe;Summe;1658681;11343;244010;298048;108598;53467;535275;;176224;231716;23969;176405
BB;2;Summe;2001-2007;90369;868;6522;7144;6883;3620;28023;;23370;13939;928;8368
BB;2;Summe;1991-2000;132167;746;9679;14597;14084;4713;43285;;24581;20483;2783;11725
BB;2;Summe;1981-1990;284155;2225;25285;42180;24240;8731;120074;;22909;38512;4906;24858
BB;2;Summe;1966-1980;422849;1503;43988;77794;31991;13932;164989;;31125;57526;8172;41598
BB;2;Summe;1956-1965;338838;2264;52658;68638;17286;11339;108318;;30337;48000;3867;41719
BB;2;Summe;<=1955;390302;3738;105878;87695;14113;11131;70588;;43903;53256;3314;48136
BB;2;m|d|o;Summe;793979;5011;99492;145029;49418;26971;301313;;72482;94265;10353;69595
BB;2;m|d|o;2001-2007;44038;156;3007;4078;3183;2265;17828;;7945;5576;419;2741
BB;2;m|d|o;1991-2000;63687;427;4003;8063;6040;2800;24794;;10020;7541;621;4348
BB;2;m|d|o;1981-1990;138802;1224;10680;21807;10551;4753;64486;;9979;15321;2614;8492
BB;2;m|d|o;1966-1980;214665;593;19838;38128;15230;6994;95006;;14051;24824;4238;17146
BB;2;m|d|o;1956-1965;166345;997;22976;34934;8743;6010;61890;;13367;17429;1562;14864
BB;2;m|d|o;<=1955;166441;1613;38988;38020;5672;4148;37308;;17120;23573;900;22004
BB;2;w;Summe;864702;6332;144518;153019;59180;26496;233962;;103742;137451;13616;106810
BB;2;w;2001-2007;46331;712;3514;3067;3701;1354;10195;;15424;8364;509;5627
BB;2;w;1991-2000;68480;318;5677;6534;8044;1914;18490;;14561;12941;2162;7377
BB;2;w;1981-1990;145353;1000;14605;20374;13689;3978;55587;;12929;23191;2292;16366
BB;2;w;1966-1980;208184;910;24150;39666;16761;6938;69983;;17074;32702;3934;24452
BB;2;w;1956-1965;172493;1267;29682;33704;8543;5329;46427;;16970;30571;2305;26855
BB;2;w;<=1955;223861;2125;66890;49675;8442;6983;33280;;26783;29683;2414;26132
MV;1;Summe;Summe;1029038;11315;179547;205786;36898;29339;376846;;144778;44529;27571;
MV;1;Summe;2001-2007;57123;250;10432;5113;2715;1866;20341;;14218;2188;1278;
MV;1;Summe;1991-2000;82516;476;13838;9581;7071;2505;27501;;17339;4205;2094;
MV;1;Summe;1981-1990;154418;1491;18814;23772;7788;4173;72910;;16745;8726;5800;
MV;1;Summe;1966-1980;238785;1652;30408;48228;7837;7057;108197;;23303;12102;7408;
MV;1;Summe;1956-1965;229751;2536;38841;50701;5742;6184;86895;;29250;9602;6256;
MV;1;Summe;<=1955;266445;4910;67214;68391;5745;7553;61003;;43923;7705;4735;
MV;1;m|d|o;Summe;493059;4818;73432;96119;16077;12098;214165;;60280;16071;10949;
MV;1;m|d|o;2001-2007;28483;178;4177;2939;1389;977;12975;;4822;1026;724;
MV;1;m|d|o;1991-2000;40684;282;5958;4916;3262;1361;15411;;7835;1658;1069;
MV;1;m|d|o;1981-1990;76745;695;7816;11713;3366;1752;40884;;7149;3370;2436;
MV;1;m|d|o;1966-1980;121573;696;13107;24165;3772;2797;62871;;9643;4521;3191;
MV;1;m|d|o;1956-1965;111186;1000;15925;23990;2348;2501;50161;;11945;3317;2147;
MV;1;m|d|o;<=1955;114390;1967;26449;28396;1939;2709;31864;;18886;2180;1382;
MV;1;w;Summe;535979;6497;106115;109667;20821;17241;162681;;84498;28458;16622;
MV;1;w;2001-2007;28640;72;6255;2174;1326;889;7366;;9396;1163;554;
MV;1;w;1991-2000;41833;194;7880;4665;3809;1143;12090;;9504;2547;1025;
MV;1;w;1981-1990;77674;796;10998;12059;4422;2421;32026;;9596;5356;3364;
MV;1;w;1966-1980;117212;955;17301;24063;4065;4259;45326;;13659;7582;4218;
MV;1;w;1956-1965;118566;1537;22916;26711;3394;3684;36734;;17305;6285;4110;
MV;1;w;<=1955;152055;2943;40765;39995;3806;4844;29140;;25037;5526;3352;
MV;2;Summe;Summe;1029038;7796;126687;181956;54719;32678;357361;;123059;144782;10814;107872
MV;2;Summe;2001-2007;57123;212;3643;3508;5224;1867;19516;;15575;7577;433;4288
MV;2;Summe;1991-2000;82516;335;6018;7468;10647;3061;26860;;17241;10885;1049;5834
MV;2;Summe;1981-1990;154418;1117;10547;20068;11398;3684;70565;;14906;22133;1929;14064
MV;2;Summe;1966-1980;238785;1044;20226;42203;11835;8828;103790;;18457;32401;2968;23928
MV;2;Summe;1956-1965;229751;1452;30054;45845;7953;6828;81308;;22653;33658;2356;27484
MV;2;Summe;<=1955;266445;3635;56200;62863;7662;8409;55323;;34226;38128;2079;32275
MV;2;m|d|o;Summe;493059;3400;51684;86634;25007;15949;205104;;47974;57307;4815;42898
MV;2;m|d|o;2001-2007;28483;95;1978;2011;2179;1512;12500;;4727;3480;304;1729
MV;2;m|d|o;1991-2000;40684;200;2849;3837;4956;1899;14912;;7299;4732;538;2488
MV;2;m|d|o;1981-1990;76745;544;4242;10070;5833;1833;40052;;5875;8295;1017;5022
MV;2;m|d|o;1966-1980;121573;522;8882;21620;5782;3929;60658;;7389;12790;1549;9353
MV;2;m|d|o;1956-1965;111186;622;12482;22388;3142;3201;47415;;8974;12962;700;11013
MV;2;m|d|o;<=1955;114390;1417;21250;26708;3115;3575;29567;;13709;15049;707;13293
MV;2;w;Summe;535979;4396;75003;95322;29712;16729;152257;;75085;87475;5999;64974
MV;2;w;2001-2007;28640;117;1664;1497;3046;355;7016;;10848;4097;129;2559
MV;2;w;1991-2000;41833;135;3169;3631;5691;1162;11948;;9943;6153;511;3346
MV;2;w;1981-1990;77674;573;6305;9998;5565;1851;30513;;9031;13837;911;9042
MV;2;w;1966-1980;117212;522;11344;20584;6053;4899;43131;;11068;19611;1419;14574
MV;2;w;1956-1965;118566;831;17571;23457;4810;3627;33893;;13679;20697;1657;16471
MV;2;w;<=1955;152055;2218;34950;36155;4547;4834;25756;;20517;23079;1373;18982
SN;1;Summe;Summe;2584777;22002;247349;612826;129025;69629;986060;;326830;191056;71775;79556
SN;1;Summe;2001-2007;161085;1124;14126;18469;10397;5585;54836;;45115;11433;2907;4472
SN;1;Summe;1991-2000;250623;1711;18333;34230;23149;7691;81707;;63162;20640;6507;6456
SN;1;Summe;1981-1990;425987;3091;31445;81755;35845;10777;170489;;55896;36688;13643;11246
SN;1;Summe;1966-1980;611548;4578;42721;140849;30221;15899;280630;;50967;45683;20123;16811
SN;1;Summe;1956-1965;492812;4025;44598;125853;15619;11683;213205;;44424;33406;13539;15788
SN;1;Summe;<=1955;642723;7473;96125;211670;13795;17994;185192;;67266;43207;15057;24782
SN;1;m|d|o;Summe;1257371;9232;105244;285440;61737;33178;546932;;137948;77659;27350;32952
SN;1;m|d|o;2001-2007;78622;803;6307;10230;5184;3087;32716;;14970;5325;1311;1922
SN;1;m|d|o;1991-2000;127994;881;8622;18673;10952;4566;47004;;27852;9444;3235;2629
SN;1;m|d|o;1981-1990;216311;1213;13630;40795;17209;5283;96891;;26128;15161;5322;4713
SN;1;m|d|o;1966-1980;316665;1779;19055;71207;16040;8173;160033;;21462;18915;8157;6869
SN;1;m|d|o;1956-1965;237730;1504;18965;58144;6667;5048;116716;;19046;11640;4338;5786
SN;1;m|d|o;<=1955;280049;3052;38665;86390;5684;7021;93572;;28489;17174;4987;11033
SN;1;w;Summe;1327406;12770;142105;327386;67288;36451;439128;;188882;113397;44425;46604
SN;1;w;2001-2007;82463;321;7819;8239;5213;2498;22120;;30144;6108;1596;2551
SN;1;w;1991-2000;122629;831;9711;15557;12197;3126;34703;;35310;11195;3271;3826
SN;1;w;1981-1990;209676;1877;17816;40960;18636;5494;73598;;29768;21527;8322;6533
SN;1;w;1966-1980;294882;2799;23666;69641;14181;7726;120598;;29505;26768;11966;9943
SN;1;w;1956-1965;255081;2521;25634;67708;8952;6634;96489;;25377;21766;9200;10003
SN;1;w;<=1955;362675;4421;57460;125281;8110;10973;91620;;38777;26033;10069;13749
SN;2;Summe;Summe;2584777;15205;217144;507247;167269;83436;958401;;290462;345613;40139;232257
SN;2;Summe;2001-2007;161085;821;9184;9819;12966;6575;53129;;46594;21996;1428;11746
SN;2;Summe;1991-2000;250623;1092;13217;20899;32670;8773;79879;;57342;36750;3737;18059
SN;2;Summe;1981-1990;425987;1606;25978;65426;46816;11900;168556;;46920;58786;7552;31985
SN;2;Summe;1966-1980;611548;2993;38395;113576;41694;21247;275167;;43735;74741;10886;49115
SN;2;Summe;1956-1965;492812;2719;40858;107517;18142;14128;206082;;37932;65434;7980;49187
SN;2;Summe;<=1955;642723;5974;89513;190011;14981;20813;175587;;57939;87905;8555;72164
SN;2;m|d|o;Summe;1257371;6509;94223;238447;80485;43480;537433;;120001;136792;14624;92701
SN;2;m|d|o;2001-2007;78622;581;4222;5670;6399;3667;32372;;16014;9696;677;4766
SN;2;m|d|o;1991-2000;127994;755;6562;11637;16189;6012;47176;;23936;15726;1754;7042
SN;2;m|d|o;1981-1990;216311;684;12186;32471;22388;6541;97461;;21742;22838;3062;11995
SN;2;m|d|o;1966-1980;316665;1416;17711;58432;21839;11368;158487;;18109;29304;4204;19164
SN;2;m|d|o;1956-1965;237730;847;16913;51177;7853;6926;113401;;16585;24029;2541;19116
SN;2;m|d|o;<=1955;280049;2226;36629;79061;5817;8966;88536;;23616;35199;2384;30619
SN;2;w;Summe;1327406;8696;122921;268800;86784;39956;420968;;170461;208821;25515;139556
SN;2;w;2001-2007;82463;240;4962;4149;6566;2908;20757;;30580;12301;751;6980
SN;2;w;1991-2000;122629;338;6655;9262;16481;2760;32703;;33406;21024;1983;11018
SN;2;w;1981-1990;209676;921;13792;32955;24427;5358;71095;;25178;35948;4490;19990
SN;2;w;1966-1980;294882;1577;20683;55143;19856;9879;116680;;25627;45437;6682;29951
SN;2;w;1956-1965;255081;1872;23945;56340;10289;7203;92680;;21347;41405;5438;30071
SN;2;w;<=1955;362675;3748;52884;110950;9165;11847;87052;;34323;52706;6171;41545
ST;1;Summe;Summe;1347837;17293;183951;313319;48599;37603;515634;;165818;65620;42363;
ST;1;Summe;2001-2007;73513;757;9488;7899;3383;2576;29685;;16875;2849;1380;
ST;1;Summe;1991-2000;104028;721;13071;12193;7418;2937;43995;;17568;6125;3567;
ST;1;Summe;1981-1990;208602;2067;18792;38227;10840;5473;100675;;20134;12394;8037;
ST;1;Summe;1966-1980;319413;3178;29262;70375;12718;8599;148543;;29124;17613;11580;
ST;1;Summe;1956-1965;291382;3994;40053;72508;6676;7556;112860;;34029;13704;9294;
ST;1;Summe;<=1955;350900;6576;73284;112117;7564;10462;79875;;48087;12935;8505;
ST;1;m|d|o;Summe;658334;7684;79340;144710;22123;16419;291922;;69576;26561;15902;
ST;1;m|d|o;2001-2007;37519;401;4095;5087;1662;1488;17584;;5453;1747;945;
ST;1;m|d|o;1991-2000;52472;225;5655;6090;3495;1649;25338;;7271;2749;1465;
ST;1;m|d|o;1981-1990;106674;970;8738;18443;5775;2362;55960;;9018;5408;3181;
ST;1;m|d|o;1966-1980;165977;1359;13193;34955;5564;4104;87028;;11663;8111;4986;
ST;1;m|d|o;1956-1965;142818;1805;17121;34754;2974;2940;63686;;14768;4769;3110;
ST;1;m|d|o;<=1955;152874;2924;30537;45381;2652;3875;42326;;21402;3776;2216;
ST;1;w;Summe;689503;9609;104611;168609;26476;21184;223712;;96242;39059;26461;
ST;1;w;2001-2007;35994;356;5393;2812;1721;1088;12101;;11421;1102;436;
ST;1;w;1991-2000;51556;496;7416;6103;3923;1287;18657;;10297;3377;2102;
ST;1;w;1981-1990;101928;1097;10054;19785;5065;3111;44715;;11117;6986;4857;
ST;1;w;1966-1980;153435;1819;16069;35421;7153;4495;61515;;17461;9502;6594;
ST;1;w;1956-1965;148564;2189;22932;37754;3702;4616;49174;;19261;8935;6183;
ST;1;w;<=1955;198026;3652;42747;66735;4912;6586;37550;;26685;9158;6289;
ST;2;Summe;Summe;1347837;10488;146535;256538;59077;41251;496110;;143807;194031;18449;150411
ST;2;Summe;2001-2007;73513;691;4048;4883;4170;2049;28525;;19842;9305;310;5600
ST;2;Summe;1991-2000;104028;500;5831;8310;9709;3034;42906;;19719;14018;1515;8286
ST;2;Summe;1981-1990;208602;1404;11995;28531;14156;5958;99206;;17935;29417;3898;18822
ST;2;Summe;1966-1980;319413;1713;24146;55900;14977;10322;144105;;24408;43843;4359;34052
ST;2;Summe;1956-1965;291382;2205;34246;61025;7602;8551;106180;;25010;46563;4338;39224
ST;2;Summe;<=1955;350900;3975;66270;97889;8463;11336;75188;;36894;50885;4029;44427
ST;2;m|d|o;Summe;658334;4570;64390;119764;27213;20014;285211;;58988;78184;6512;59928
ST;2;m|d|o;2001-2007;37519;390;2464;3208;2165;1234;17276;;6445;4336;200;2326
ST;2;m|d|o;1991-2000;52472;171;2536;4362;4507;1832;25051;;8347;5666;595;2952
ST;2;m|d|o;1981-1990;106674;694;5973;14270;7140;3371;55459;;7946;11822;1429;6864
ST;2;m|d|o;1966-1980;165977;880;10735;27926;6755;5480;86556;;9859;17786;1836;13246
ST;2;m|d|o;1956-1965;142818;1018;14845;30102;3496;3813;60883;;10815;17846;1581;15391
ST;2;m|d|o;<=1955;152874;1417;27837;39895;3150;4285;39985;;15577;20727;871;19148
ST;2;w;Summe;689503;5918;82145;136774;31864;21237;210899;;84819;115847;11937;90483
ST;2;w;2001-2007;35994;301;1584;1675;2005;815;11248;;13397;4969;110;3274
ST;2;w;1991-2000;51556;329;3295;3948;5202;1203;17855;;11372;8352;920;5333
ST;2;w;1981-1990;101928;710;6021;14261;7016;2588;43748;;9989;17595;2470;11957
ST;2;w;1966-1980;153435;832;13411;27974;8222;4842;57549;;14549;26057;2523;20807
ST;2;w;1956-1965;148564;1187;19401;30924;4106;4739;45297;;14194;28717;2756;23833
ST;2;w;<=1955;198026;2558;38432;57994;5313;7051;35203;;21317;30158;3159;25279
TH;1;Summe;Summe;1333474;10248;131842;272827;36822;28121;512070;;209947;131597;25831;96975
TH;1;Summe;2001-2007;75570;568;5940;7521;2990;1968;28480;;22024;6078;671;5016
TH;1;Summe;1991-2000;100723;686;7296;11668;4674;2488;39459;;25308;9143;1964;6624
TH;1;Summe;1981-1990;197396;693;14438;31569;7176;3819;95041;;24601;20060;5243;13764
TH;1;Summe;1966-1980;332385;3095;23547;62871;9848;7364;156710;;36665;32286;8541;21021
TH;1;Summe;1956-1965;285121;1940;27156;64607;5692;5668;110582;;38723;30753;5423;23131
TH;1;Summe;<=1955;342279;3266;53464;94592;6442;6815;81798;;62626;33276;3990;27420
TH;1;m|d|o;Summe;656340;4332;58363;129555;17593;13112;291579;;86629;55178;10961;40181
TH;1;m|d|o;2001-2007;37971;237;2913;3872;1307;1248;18644;;7227;2523;291;2012
TH;1;m|d|o;1991-2000;51789;417;3446;6072;2442;1317;22134;;11776;4184;1169;2709
TH;1;m|d|o;1981-1990;99494;131;6569;14919;3775;1872;52337;;11560;8331;2234;5509
TH;1;m|d|o;1966-1980;172780;1589;10708;31867;4664;3348;93391;;14810;12402;3584;7818
TH;1;m|d|o;1956-1965;140950;918;11845;31506;2593;2496;61763;;16371;13458;2301;9979
TH;1;m|d|o;<=1955;153356;1038;22881;41319;2812;2830;43310;;24885;14281;1383;12155
TH;1;w;Summe;677134;5916;73479;143272;19229;15009;220491;;123318;76419;14870;56794
TH;1;w;2001-2007;37599;331;3027;3649;1682;720;9836;;14798;3556;380;3004
TH;1;w;1991-2000;48934;269;3850;5596;2232;1170;17325;;13532;4959;795;3915
TH;1;w;1981-1990;97902;561;7869;16650;3402;1947;42704;;13041;11729;3009;8254
TH;1;w;1966-1980;159605;1505;12839;31004;5183;4016;63318;;21855;19885;4957;13203
TH;1;w;1956-1965;144171;1022;15311;33101;3099;3172;48819;;22352;17296;3122;13152
TH;1;w;<=1955;188923;2228;30583;53272;3630;3985;38488;;37741;18995;2607;15265
TH;2;Summe;Summe;1333474;9314;115915;246065;56097;37292;510527;;200688;157576;20621;124760
TH;2;Summe;2001-2007;75570;750;4681;4988;4921;2693;28184;;21744;7609;441;5743
TH;2;Summe;1991-2000;100723;565;5547;8344;8695;2860;39772;;21110;13829;1758;9894
TH;2;Summe;1981-1990;197396;620;11100;27497;11646;5479;95471;;21928;23655;4660;16191
TH;2;Summe;1966-1980;332385;2085;20855;55636;14986;10606;157182;;34086;36949;6093;27577
TH;2;Summe;1956-1965;285121;1459;23988;59991;8223;7620;110602;;39495;33742;4182;27911
TH;2;Summe;<=1955;342279;3834;49744;89609;7625;8035;79317;;62325;41791;3487;37443
TH;2;m|d|o;Summe;656340;4158;52388;116449;26781;19037;292104;;80167;65255;8387;50771
TH;2;m|d|o;2001-2007;37971;367;2821;2616;2328;1800;18147;;6507;3386;237;2196
TH;2;m|d|o;1991-2000;51789;356;2349;5019;4400;1344;22476;;9535;6310;939;4166
TH;2;m|d|o;1981-1990;99494;152;4856;13237;5893;2809;53272;;9787;9486;2181;5848
TH;2;m|d|o;1966-1980;172780;1256;9185;28558;7073;5279;93726;;13786;13918;2411;10178
TH;2;m|d|o;1956-1965;140950;729;11095;28576;3751;3820;62287;;16606;14086;1602;11698
TH;2;m|d|o;<=1955;153356;1298;22082;38443;3337;3984;42196;;23948;18069;1016;16685
TH;2;w;Summe;677134;5156;63527;129616;29316;18255;218423;;120521;92321;12234;73989
TH;2;w;2001-2007;37599;383;1860;2373;2593;893;10037;;15237;4224;204;3547
TH;2;w;1991-2000;48934;210;3199;3324;4295;1515;17295;;11575;7519;819;5728
TH;2;w;1981-1990;97902;468;6243;14260;5754;2670;42199;;12141;14169;2479;10343
TH;2;w;1966-1980;159605;830;11670;27078;7913;5328;63456;;20300;23031;3682;17399
TH;2;w;1956-1965;144171;729;12893;31416;4472;3800;48315;;22890;19657;2580;16214
TH;2;w;<=1955;188923;2537;27662;51166;4288;4050;37121;;38378;23722;2471;20758
