land,wahlkreis,gemeinde,wbz,bezirksart,valid_total,bsw_votes,bd_votes,bsw_pred_pct,lambda,p0_bb,p_tail,miss_lb,bd_pctile,overlay_score,composite
SL,297,Saarwellingen,B1,5,2894,193,6,13.137,380.18,2.717228434198077e-35,0.000598,187.2,0.4715,1.0,280.79999999999995
SH,7,"Wedel, Stadt",000007,0,780,0,31,3.616,28.21,4.556229181937555e-06,5e-06,28.2,0.9997,9.0,155.1
SL,297,Saarwellingen,3,0,1190,67,3,13.41,159.57,1.31858130386457e-25,7.5e-05,92.6,0.5714,1.0,138.89999999999998
SL,297,Saarwellingen,5,0,1334,89,0,13.221,176.36,1.65523771170849e-26,0.000952,87.4,0.163,1.0,131.10000000000002
SL,297,Saarwellingen,2,0,1064,65,0,12.971,138.01,1.4275713972454564e-23,0.00056,73.0,0.163,1.0,109.5
SL,297,Saarwellingen,4,0,1005,65,2,13.451,135.18,7.998099912861037e-24,0.000626,70.2,0.4496,1.0,105.30000000000001
NW,119,"Essen, Stadt (Teil)",1306,0,842,12,2,9.752,82.11,6.026317577128792e-16,0.0,70.1,0.7881,1.0,105.14999999999999
SL,297,Saarwellingen,1,0,1149,87,1,13.441,154.43,2.8231665672140115e-25,0.004099,67.4,0.3295,1.0,101.10000000000001
BY,251,Augsburg,0302,0,733,0,23,3.69,27.05,5.2774470513080635e-06,5e-06,27.0,0.9999,5.0,94.5
HE,180,"Hochheim am Main, Stadt",99092,5,619,0,20,4.241,26.25,2.831818342131099e-06,3e-06,26.3,0.9997,5.0,92.05
NW,119,"Essen, Stadt (Teil)",1302,0,826,25,1,10.352,85.51,9.36391112142607e-17,1.9e-05,60.5,0.5561,1.0,90.75
HH,20,"Hamburg, Freie und Hansestadt, Bezirk Eimsbüttel",032118,0,693,0,33,3.725,25.82,6.710480826145674e-06,7e-06,25.8,1.0,5.0,90.3
HH,23,"Hamburg, Freie und Hansestadt, Bezirk Bergedorf",601906,5,612,0,23,4.196,25.68,3.514503858299894e-06,4e-06,25.7,0.9985,5.0,89.95
BY,248,"Rieneck, St",11,5,844,0,16,3.536,29.84,3.671757565328917e-06,4e-06,29.8,0.9992,4.0,89.4
ST,67,"Staßfurt, Stadt",310005,0,847,51,2,12.548,106.28,1.6166044477407227e-20,0.001188,55.3,0.4831,1.0,82.94999999999999
BB,61,Kleinmachnow,9004,5,1110,30,0,7.617,84.55,3.169545984552252e-14,0.000785,54.5,0.2214,1.0,81.75
BE,74,"Berlin, Stadt, Bezirk Mitte, Berlin-West",7C,5,1002,33,0,8.628,86.45,2.4387823798459076e-15,0.00081,53.5,0.24,1.0,80.25
SN,151,"Leipzig, Stadt (Teil)",000986,5,955,22,0,7.894,75.39,9.094211897007064e-14,0.000146,53.4,0.1479,1.0,80.1
NI,31,"Meppen, Stadt",992,5,759,0,18,3.522,26.73,7.451911992051799e-06,7e-06,26.7,0.9989,4.0,80.1
TH,191,"Ohrdruf, Stadt",0002,0,517,20,7,9.889,51.12,1.299026407589967e-12,0.001432,31.1,0.9883,3.0,77.75
NW,86,"Aachen, Stadt",9050,5,1021,15,2,6.476,66.12,9.853513884327271e-12,8.4e-05,51.1,0.7244,1.0,76.65
BE,74,"Berlin, Stadt, Bezirk Mitte, Berlin-Ost",1F,5,958,27,1,8.101,77.61,3.878055876769844e-14,0.00056,50.6,0.4864,1.0,75.9
NW,86,"Aachen, Stadt",9051,5,1288,35,0,6.626,85.34,2.9662699156007906e-13,0.004375,50.3,0.2513,1.0,75.44999999999999
SN,152,"Leipzig, Stadt (Teil)",000918,5,1153,41,3,7.897,91.06,5.598456267558437e-15,0.004641,50.1,0.556,1.0,75.15
NW,86,"Aachen, Stadt",9047,5,997,10,0,5.998,59.8,8.54560899553603e-11,2.2e-05,49.8,0.2513,1.0,74.69999999999999
HE,176,"Butzbach, Friedrich-Ludwig-Weidig-Stadt",90004,5,728,5,1,7.47,54.38,1.7510900868994278e-11,0.0,49.4,0.5596,1.0,74.1
NW,86,"Aachen, Stadt",9049,5,1138,27,1,6.707,76.32,1.0090346467158717e-12,0.001547,49.3,0.5089,1.0,73.94999999999999
SN,151,"Leipzig, Stadt (Teil)",000981,5,986,30,0,8.014,79.01,3.5671434324245335e-14,0.001222,49.0,0.1479,1.0,73.5
BE,74,"Berlin, Stadt, Bezirk Mitte, Berlin-West",6F,5,974,32,1,8.31,80.94,1.3344563357938517e-14,0.001436,48.9,0.485,1.0,73.35
BE,74,"Berlin, Stadt, Bezirk Mitte, Berlin-West",1B,5,876,22,1,8.043,70.46,1.802183474556e-13,0.000271,48.5,0.4933,1.0,72.75
BE,74,"Berlin, Stadt, Bezirk Mitte, Berlin-West",3K,5,893,27,1,8.446,75.42,2.9936050974128285e-14,0.000619,48.4,0.4918,1.0,72.6
NW,86,"Aachen, Stadt",9048,5,1123,23,3,6.343,71.24,5.398356105025891e-12,0.001091,48.2,0.8249,1.0,72.30000000000001
SN,152,"Leipzig, Stadt (Teil)",000898,5,917,25,2,7.943,72.84,1.3520465882934785e-13,0.000608,47.8,0.503,1.0,71.69999999999999
SN,152,"Leipzig, Stadt (Teil)",000916,5,1059,37,0,7.972,84.42,1.4634540409106452e-14,0.003863,47.4,0.1479,1.0,71.1
NW,86,"Aachen, Stadt",9018,5,1177,25,0,6.128,72.13,7.653660804271644e-12,0.002062,47.1,0.2513,1.0,70.65
NW,86,"Aachen, Stadt",9067,5,969,14,0,6.293,60.98,3.744371306325832e-11,0.00013,47.0,0.2513,1.0,70.5
SN,163,Breitenbrunn/Erzgeb.,000004,0,683,34,6,10.086,68.89,7.105323365070584e-15,0.006164,34.9,0.9535,2.0,69.8
BE,74,"Berlin, Stadt, Bezirk Mitte, Berlin-West",3G,5,815,21,0,8.241,67.16,2.5021265840058717e-13,0.000267,46.2,0.24,1.0,69.30000000000001
BE,81,"Berlin, Stadt, Bezirk Neukölln",614,0,593,4,2,8.416,49.91,1.311132186390738e-11,0.0,45.9,0.8392,1.0,68.85
ST,71,"Halle (Saale), Stadt",020404,0,652,22,0,10.418,67.93,5.3713628190869196e-15,0.000101,45.9,0.1655,1.0,68.85
NW,86,"Aachen, Stadt",5102,0,740,25,4,8.029,59.42,2.0941299698585447e-12,0.004087,34.4,0.9666,2.0,68.8
SN,152,"Leipzig, Stadt (Teil)",000930,5,1024,36,1,7.92,81.1,2.963940423390436e-14,0.004561,45.1,0.2989,1.0,67.65
NW,86,"Aachen, Stadt",5201,0,612,20,23,7.668,46.93,8.575691356700762e-11,0.007003,26.9,1.0,3.0,67.25
NW,86,"Aachen, Stadt",9041,5,894,9,2,6.016,53.78,2.6463425357434644e-10,3e-05,44.8,0.7687,1.0,67.19999999999999
ST,71,"Halle (Saale), Stadt",010303,0,900,54,0,10.917,98.26,2.171093657752676e-18,0.009124,44.3,0.1655,1.0,66.44999999999999
MV,14,"Rostock, Hanse- und Universitätsstadt",229,0,819,43,3,10.609,86.89,4.2815484200091373e-17,0.004107,43.9,0.6317,1.0,65.85
BE,74,"Berlin, Stadt, Bezirk Mitte, Berlin-Ost",1E,5,824,24,1,8.164,67.27,2.8155218099689227e-13,0.000852,43.3,0.4992,1.0,64.94999999999999
SN,153,"Markranstädt, Stadt",000012,0,711,24,0,9.384,66.72,3.810699560805078e-14,0.000494,42.7,0.1479,1.0,64.05000000000001
NW,86,"Aachen, Stadt",9040,5,907,13,0,6.117,55.48,1.5482440752493678e-10,0.000216,42.5,0.2513,1.0,63.75
BE,74,"Berlin, Stadt, Bezirk Mitte, Berlin-West",7F,5,857,28,1,8.173,70.04,1.5314636614767183e-13,0.002051,42.0,0.4954,1.0,63.0
NW,86,"Aachen, Stadt",9036,5,1093,24,2,6.028,65.89,2.7159029494804015e-11,0.003417,41.9,0.6998,1.0,62.849999999999994
NW,86,"Aachen, Stadt",9009,5,886,12,0,6.088,53.94,2.2344853325655285e-10,0.000168,41.9,0.2513,1.0,62.849999999999994
NW,86,"Aachen, Stadt",9064,5,1020,19,0,5.964,60.83,7.606124023732917e-11,0.001405,41.8,0.2513,1.0,62.699999999999996
BE,74,"Berlin, Stadt, Bezirk Mitte, Berlin-West",7E,5,788,25,1,8.458,66.65,1.8935563079062569e-13,0.001132,41.7,0.5053,1.0,62.550000000000004
BE,83,"Berlin, Stadt, Bezirk Treptow-Köpenick",1A,5,865,30,0,8.242,71.29,1.0344626880031202e-13,0.002963,41.3,0.24,1.0,61.949999999999996
BE,76,"Berlin, Stadt, Bezirk Reinickendorf",3D,5,889,17,1,6.538,58.12,4.029333548240514e-11,0.000646,41.1,0.4922,1.0,61.650000000000006
SN,152,"Leipzig, Stadt (Teil)",000973,5,889,29,3,7.882,70.07,2.657415861268931e-13,0.003104,41.1,0.6487,1.0,61.650000000000006
ST,69,"Magdeburg, Landeshauptstadt",009015,5,684,34,0,10.929,74.75,4.176731891336201e-16,0.001976,40.8,0.1655,1.0,61.199999999999996
MV,14,"Rostock, Hanse- und Universitätsstadt",928,5,742,37,3,10.424,77.35,5.186354610387054e-16,0.003629,40.3,0.6762,1.0,60.449999999999996
NW,86,"Aachen, Stadt",4101,0,911,17,0,6.276,57.17,8.097456124674845e-11,0.000894,40.2,0.2513,1.0,60.300000000000004
NW,86,"Aachen, Stadt",9042,5,860,13,0,6.186,53.2,2.1627904183454566e-10,0.000295,40.2,0.2513,1.0,60.300000000000004
BE,74,"Berlin, Stadt, Bezirk Mitte, Berlin-West",3E,5,772,23,0,8.172,63.09,7.017334726386764e-13,0.001131,40.1,0.24,1.0,60.150000000000006
NW,86,"Aachen, Stadt",9046,5,943,21,0,6.477,61.08,2.5267138178725092e-11,0.001932,40.1,0.2513,1.0,60.150000000000006
NW,86,"Aachen, Stadt",9071,5,1048,25,0,6.2,64.98,2.1839149996141464e-11,0.00454,40.0,0.2513,1.0,60.0
MV,14,"Rostock, Hanse- und Universitätsstadt",930,5,752,38,1,10.352,77.85,5.216509212433754e-16,0.004447,39.9,0.3238,1.0,59.849999999999994
BE,74,"Berlin, Stadt, Bezirk Mitte, Berlin-West",3L,5,837,29,2,8.221,68.81,1.8174639014744862e-13,0.003166,39.8,0.7483,1.0,59.699999999999996
NW,86,"Aachen, Stadt",9070,5,990,23,2,6.315,62.52,2.674356966422724e-11,0.003284,39.5,0.7346,1.0,59.25
NW,86,"Aachen, Stadt",9032,5,858,14,0,6.195,53.16,2.1415664240286852e-10,0.00048,39.2,0.2513,1.0,58.800000000000004
SN,152,"Leipzig, Stadt (Teil)",000913,5,940,36,0,7.942,74.65,9.497917535144674e-14,0.009367,38.7,0.1479,1.0,58.050000000000004
NW,86,"Aachen, Stadt",9008,5,1008,27,0,6.484,65.36,1.1130034187883557e-11,0.006317,38.4,0.2513,1.0,57.599999999999994
BE,74,"Berlin, Stadt, Bezirk Mitte, Berlin-Ost",1L,5,873,32,0,8.043,70.21,1.8941085786822992e-13,0.006189,38.2,0.24,1.0,57.300000000000004
NW,86,"Aachen, Stadt",9011,5,851,14,0,6.134,52.2,2.9310838932387523e-10,0.000587,38.2,0.2513,1.0,57.300000000000004
ST,71,"Halle (Saale), Stadt",010210,0,767,44,1,10.708,82.13,1.0382081020866318e-16,0.008941,38.1,0.3663,1.0,57.150000000000006
BE,74,"Berlin, Stadt, Bezirk Mitte, Berlin-West",4M,5,668,17,1,8.219,54.9,4.647789893596e-12,0.000388,37.9,0.5365,1.0,56.849999999999994
NW,86,"Aachen, Stadt",9052,5,906,18,1,6.169,55.89,1.289635746569125e-10,0.001702,37.9,0.5339,1.0,56.849999999999994
HE,182,"Frankfurt am Main, Stadt (Teil)",90605,5,976,9,0,4.783,46.68,1.1963017396062165e-08,0.000348,37.7,0.2538,1.0,56.550000000000004
NW,86,"Aachen, Stadt",9013,5,931,19,0,6.093,56.72,1.267403179916865e-10,0.002261,37.7,0.2513,1.0,56.550000000000004
BE,81,"Berlin, Stadt, Bezirk Neukölln",5G,5,807,18,0,6.901,55.69,3.449772923842278e-11,0.00112,37.7,0.24,1.0,56.550000000000004
NW,97,Wachtberg,B02,5,876,10,2,5.42,47.48,2.9553123016354e-09,0.000294,37.5,0.7752,1.0,56.25
NW,86,"Aachen, Stadt",9023,5,776,10,0,6.111,47.42,8.650721338173494e-10,0.000162,37.4,0.2513,1.0,56.099999999999994
BE,74,"Berlin, Stadt, Bezirk Mitte, Berlin-Ost",1G,5,889,35,3,8.106,72.06,1.149248266047933e-13,0.009645,37.1,0.8399,1.0,55.650000000000006
BY,241,Erlangen,056,0,528,0,0,5.273,27.84,4.726039803252754e-07,0.0,27.8,0.3568,2.0,55.6
ST,71,"Halle (Saale), Stadt",090039,5,631,29,5,10.458,65.99,8.421848146344916e-15,0.002042,37.0,0.9145,1.0,55.5
BB,61,Kleinmachnow,9005,5,850,27,2,7.507,63.81,1.988810757828877e-12,0.004849,36.8,0.6047,1.0,55.199999999999996
ST,71,"Halle (Saale), Stadt",010202,0,729,41,2,10.598,77.26,3.9291821440548455e-16,0.008969,36.3,0.5207,1.0,54.449999999999996
ST,71,"Halle (Saale), Stadt",090001,5,736,41,1,10.502,77.3,4.586055003305001e-16,0.009151,36.3,0.3739,1.0,54.449999999999996
BB,58,"Falkensee, Stadt",0006,0,605,16,1,8.629,52.2,5.151826607938861e-12,0.000322,36.2,0.5018,1.0,54.300000000000004
BE,76,"Berlin, Stadt, Bezirk Reinickendorf",6J,5,727,11,2,6.473,47.06,5.149120143361906e-10,0.000236,36.1,0.7902,1.0,54.150000000000006
BE,74,"Berlin, Stadt, Bezirk Mitte, Berlin-Ost",1P,5,610,14,0,8.206,50.06,1.6971925090543697e-11,0.000223,36.1,0.24,1.0,54.150000000000006
NW,86,"Aachen, Stadt",4102,0,759,14,1,6.555,49.75,2.389254425375773e-10,0.000661,35.8,0.5814,1.0,53.699999999999996
NW,86,"Aachen, Stadt",9053,5,900,21,1,6.301,56.71,8.463295458781627e-11,0.003886,35.7,0.5354,1.0,53.550000000000004
MV,14,"Rostock, Hanse- und Universitätsstadt",206,0,694,36,1,10.318,71.61,2.4792599614385135e-15,0.006483,35.6,0.3369,1.0,53.400000000000006
RP,198,"Lahnstein, Stadt",402,5,691,0,0,3.852,26.62,4.5398988135762104e-06,5e-06,26.6,0.283,2.0,53.2
MV,15,"Bergen auf Rügen, Stadt",7,0,661,41,1,11.553,76.36,1.0165264611489432e-16,0.007945,35.4,0.3492,1.0,53.099999999999994
BB,61,"Potsdam, Stadt",2104,0,777,36,2,9.195,71.45,1.738442892230042e-14,0.00919,35.4,0.6257,1.0,53.099999999999994
BE,74,"Berlin, Stadt, Bezirk Mitte, Berlin-West",5N,5,607,15,2,8.308,50.43,1.3232607313743798e-11,0.00033,35.4,0.8328,1.0,53.099999999999994
NW,86,"Aachen, Stadt",9038,5,793,14,0,6.234,49.43,4.459642622205973e-10,0.000865,35.4,0.2513,1.0,53.099999999999994
SN,152,"Leipzig, Stadt (Teil)",000111,0,634,19,0,8.547,54.19,3.403411248235531e-12,0.000909,35.2,0.1479,1.0,52.800000000000004
SN,159,"Dresden, Stadt (Teil)",000961,5,840,31,2,7.877,66.17,6.05479476180419e-13,0.008617,35.2,0.5279,1.0,52.800000000000004
SN,159,"Dresden, Stadt (Teil)",000987,5,830,30,2,7.86,65.24,7.606880633746166e-13,0.007646,35.2,0.5323,1.0,52.800000000000004
